cohort_month,months_since_signup,active_users,cohort_users,retention_rate
2019-01-01,0,7,7,1.0
2019-01-01,11,1,7,0.14285714285714285
2019-01-01,12,1,7,0.14285714285714285
2019-01-01,22,1,7,0.14285714285714285
2019-01-01,45,2,7,0.2857142857142857
2019-01-01,71,1,7,0.14285714285714285
2019-01-01,76,1,7,0.14285714285714285
2019-01-01,87,1,7,0.14285714285714285
2019-02-01,0,10,10,1.0
2019-02-01,14,1,10,0.1
2019-02-01,16,1,10,0.1
2019-02-01,26,1,10,0.1
2019-02-01,28,1,10,0.1
2019-02-01,33,1,10,0.1
2019-02-01,58,2,10,0.2
2019-02-01,72,1,10,0.1
2019-02-01,74,1,10,0.1
2019-03-01,0,46,46,1.0
2019-03-01,1,4,46,0.08695652173913043
2019-03-01,3,1,46,0.021739130434782608
2019-03-01,10,2,46,0.043478260869565216
2019-03-01,13,1,46,0.021739130434782608
2019-03-01,18,1,46,0.021739130434782608
2019-03-01,24,1,46,0.021739130434782608
2019-03-01,33,1,46,0.021739130434782608
2019-03-01,34,1,46,0.021739130434782608
2019-03-01,40,1,46,0.021739130434782608
2019-03-01,41,1,46,0.021739130434782608
2019-03-01,44,1,46,0.021739130434782608
2019-03-01,48,1,46,0.021739130434782608
2019-03-01,49,1,46,0.021739130434782608
2019-03-01,50,1,46,0.021739130434782608
2019-03-01,51,1,46,0.021739130434782608
2019-03-01,53,1,46,0.021739130434782608
2019-03-01,54,2,46,0.043478260869565216
2019-03-01,56,1,46,0.021739130434782608
2019-03-01,62,1,46,0.021739130434782608
2019-03-01,64,2,46,0.043478260869565216
2019-03-01,74,2,46,0.043478260869565216
2019-03-01,77,1,46,0.021739130434782608
2019-03-01,78,1,46,0.021739130434782608
2019-03-01,80,1,46,0.021739130434782608
2019-03-01,87,1,46,0.021739130434782608
2019-03-01,89,1,46,0.021739130434782608
2019-04-01,0,37,37,1.0
2019-04-01,1,3,37,0.08108108108108109
2019-04-01,5,1,37,0.02702702702702703
2019-04-01,9,2,37,0.05405405405405406
2019-04-01,12,2,37,0.05405405405405406
2019-04-01,14,1,37,0.02702702702702703
2019-04-01,18,1,37,0.02702702702702703
2019-04-01,22,1,37,0.02702702702702703
2019-04-01,26,1,37,0.02702702702702703
2019-04-01,33,2,37,0.05405405405405406
2019-04-01,35,1,37,0.02702702702702703
2019-04-01,36,2,37,0.05405405405405406
2019-04-01,37,1,37,0.02702702702702703
2019-04-01,46,2,37,0.05405405405405406
2019-04-01,47,1,37,0.02702702702702703
2019-04-01,52,1,37,0.02702702702702703
2019-04-01,55,1,37,0.02702702702702703
2019-04-01,57,1,37,0.02702702702702703
2019-04-01,59,1,37,0.02702702702702703
2019-04-01,60,1,37,0.02702702702702703
2019-04-01,61,1,37,0.02702702702702703
2019-04-01,63,1,37,0.02702702702702703
2019-04-01,73,1,37,0.02702702702702703
2019-04-01,77,1,37,0.02702702702702703
2019-04-01,80,1,37,0.02702702702702703
2019-04-01,85,1,37,0.02702702702702703
2019-05-01,0,56,56,1.0
2019-05-01,1,2,56,0.03571428571428571
2019-05-01,3,1,56,0.017857142857142856
2019-05-01,6,1,56,0.017857142857142856
2019-05-01,9,1,56,0.017857142857142856
2019-05-01,10,1,56,0.017857142857142856
2019-05-01,12,1,56,0.017857142857142856
2019-05-01,14,1,56,0.017857142857142856
2019-05-01,16,1,56,0.017857142857142856
2019-05-01,18,1,56,0.017857142857142856
2019-05-01,19,1,56,0.017857142857142856
2019-05-01,20,2,56,0.03571428571428571
2019-05-01,24,1,56,0.017857142857142856
2019-05-01,26,1,56,0.017857142857142856
2019-05-01,29,2,56,0.03571428571428571
2019-05-01,32,1,56,0.017857142857142856
2019-05-01,34,1,56,0.017857142857142856
2019-05-01,37,1,56,0.017857142857142856
2019-05-01,51,1,56,0.017857142857142856
2019-05-01,52,1,56,0.017857142857142856
2019-05-01,56,2,56,0.03571428571428571
2019-05-01,58,1,56,0.017857142857142856
2019-05-01,60,1,56,0.017857142857142856
2019-05-01,61,1,56,0.017857142857142856
2019-05-01,63,1,56,0.017857142857142856
2019-05-01,65,1,56,0.017857142857142856
2019-05-01,67,1,56,0.017857142857142856
2019-05-01,70,2,56,0.03571428571428571
2019-05-01,71,1,56,0.017857142857142856
2019-05-01,72,1,56,0.017857142857142856
2019-05-01,73,1,56,0.017857142857142856
2019-05-01,76,1,56,0.017857142857142856
2019-05-01,78,1,56,0.017857142857142856
2019-05-01,79,2,56,0.03571428571428571
2019-05-01,83,2,56,0.03571428571428571
2019-06-01,0,60,60,1.0
2019-06-01,1,1,60,0.016666666666666666
2019-06-01,2,2,60,0.03333333333333333
2019-06-01,3,1,60,0.016666666666666666
2019-06-01,4,1,60,0.016666666666666666
2019-06-01,5,1,60,0.016666666666666666
2019-06-01,7,1,60,0.016666666666666666
2019-06-01,8,2,60,0.03333333333333333
2019-06-01,9,2,60,0.03333333333333333
2019-06-01,14,1,60,0.016666666666666666
2019-06-01,15,1,60,0.016666666666666666
2019-06-01,16,1,60,0.016666666666666666
2019-06-01,18,1,60,0.016666666666666666
2019-06-01,22,1,60,0.016666666666666666
2019-06-01,25,2,60,0.03333333333333333
2019-06-01,27,1,60,0.016666666666666666
2019-06-01,28,1,60,0.016666666666666666
2019-06-01,31,2,60,0.03333333333333333
2019-06-01,32,2,60,0.03333333333333333
2019-06-01,38,1,60,0.016666666666666666
2019-06-01,42,1,60,0.016666666666666666
2019-06-01,45,2,60,0.03333333333333333
2019-06-01,47,1,60,0.016666666666666666
2019-06-01,50,1,60,0.016666666666666666
2019-06-01,51,1,60,0.016666666666666666
2019-06-01,52,1,60,0.016666666666666666
2019-06-01,59,1,60,0.016666666666666666
2019-06-01,61,1,60,0.016666666666666666
2019-06-01,63,2,60,0.03333333333333333
2019-06-01,65,1,60,0.016666666666666666
2019-06-01,67,2,60,0.03333333333333333
2019-06-01,68,1,60,0.016666666666666666
2019-06-01,69,1,60,0.016666666666666666
2019-06-01,71,1,60,0.016666666666666666
2019-06-01,73,3,60,0.05
2019-06-01,74,1,60,0.016666666666666666
2019-06-01,76,1,60,0.016666666666666666
2019-06-01,77,2,60,0.03333333333333333
2019-06-01,80,2,60,0.03333333333333333
2019-06-01,84,1,60,0.016666666666666666
2019-07-01,0,80,80,1.0
2019-07-01,1,1,80,0.0125
2019-07-01,3,2,80,0.025
2019-07-01,4,1,80,0.0125
2019-07-01,6,3,80,0.0375
2019-07-01,7,1,80,0.0125
2019-07-01,8,1,80,0.0125
2019-07-01,9,3,80,0.0375
2019-07-01,10,2,80,0.025
2019-07-01,11,1,80,0.0125
2019-07-01,13,2,80,0.025
2019-07-01,14,3,80,0.0375
2019-07-01,15,1,80,0.0125
2019-07-01,17,1,80,0.0125
2019-07-01,19,3,80,0.0375
2019-07-01,20,2,80,0.025
2019-07-01,21,1,80,0.0125
2019-07-01,22,1,80,0.0125
2019-07-01,25,1,80,0.0125
2019-07-01,26,1,80,0.0125
2019-07-01,27,1,80,0.0125
2019-07-01,28,2,80,0.025
2019-07-01,29,1,80,0.0125
2019-07-01,30,2,80,0.025
2019-07-01,32,3,80,0.0375
2019-07-01,33,2,80,0.025
2019-07-01,36,1,80,0.0125
2019-07-01,38,4,80,0.05
2019-07-01,39,1,80,0.0125
2019-07-01,42,1,80,0.0125
2019-07-01,43,1,80,0.0125
2019-07-01,45,2,80,0.025
2019-07-01,46,1,80,0.0125
2019-07-01,47,1,80,0.0125
2019-07-01,48,2,80,0.025
2019-07-01,50,1,80,0.0125
2019-07-01,56,1,80,0.0125
2019-07-01,57,1,80,0.0125
2019-07-01,58,1,80,0.0125
2019-07-01,59,1,80,0.0125
2019-07-01,60,1,80,0.0125
2019-07-01,62,1,80,0.0125
2019-07-01,65,1,80,0.0125
2019-07-01,66,1,80,0.0125
2019-07-01,68,1,80,0.0125
2019-07-01,70,2,80,0.025
2019-07-01,72,2,80,0.025
2019-07-01,76,2,80,0.025
2019-07-01,77,1,80,0.0125
2019-07-01,78,1,80,0.0125
2019-07-01,79,1,80,0.0125
2019-07-01,80,1,80,0.0125
2019-07-01,81,1,80,0.0125
2019-07-01,83,3,80,0.0375
2019-07-01,84,3,80,0.0375
2019-08-01,0,115,115,1.0
2019-08-01,1,3,115,0.02608695652173913
2019-08-01,2,2,115,0.017391304347826087
2019-08-01,3,1,115,0.008695652173913044
2019-08-01,4,2,115,0.017391304347826087
2019-08-01,7,1,115,0.008695652173913044
2019-08-01,8,1,115,0.008695652173913044
2019-08-01,9,1,115,0.008695652173913044
2019-08-01,10,2,115,0.017391304347826087
2019-08-01,11,3,115,0.02608695652173913
2019-08-01,12,5,115,0.043478260869565216
2019-08-01,13,1,115,0.008695652173913044
2019-08-01,15,2,115,0.017391304347826087
2019-08-01,16,3,115,0.02608695652173913
2019-08-01,19,1,115,0.008695652173913044
2019-08-01,20,3,115,0.02608695652173913
2019-08-01,21,1,115,0.008695652173913044
2019-08-01,22,2,115,0.017391304347826087
2019-08-01,23,3,115,0.02608695652173913
2019-08-01,24,2,115,0.017391304347826087
2019-08-01,25,4,115,0.034782608695652174
2019-08-01,26,1,115,0.008695652173913044
2019-08-01,28,1,115,0.008695652173913044
2019-08-01,29,1,115,0.008695652173913044
2019-08-01,30,1,115,0.008695652173913044
2019-08-01,32,1,115,0.008695652173913044
2019-08-01,33,2,115,0.017391304347826087
2019-08-01,34,4,115,0.034782608695652174
2019-08-01,36,1,115,0.008695652173913044
2019-08-01,38,2,115,0.017391304347826087
2019-08-01,40,1,115,0.008695652173913044
2019-08-01,41,1,115,0.008695652173913044
2019-08-01,43,2,115,0.017391304347826087
2019-08-01,44,3,115,0.02608695652173913
2019-08-01,48,1,115,0.008695652173913044
2019-08-01,50,4,115,0.034782608695652174
2019-08-01,52,3,115,0.02608695652173913
2019-08-01,53,1,115,0.008695652173913044
2019-08-01,54,2,115,0.017391304347826087
2019-08-01,56,1,115,0.008695652173913044
2019-08-01,57,2,115,0.017391304347826087
2019-08-01,58,1,115,0.008695652173913044
2019-08-01,59,3,115,0.02608695652173913
2019-08-01,60,1,115,0.008695652173913044
2019-08-01,61,1,115,0.008695652173913044
2019-08-01,62,1,115,0.008695652173913044
2019-08-01,63,1,115,0.008695652173913044
2019-08-01,66,3,115,0.02608695652173913
2019-08-01,68,3,115,0.02608695652173913
2019-08-01,69,3,115,0.02608695652173913
2019-08-01,71,1,115,0.008695652173913044
2019-08-01,73,1,115,0.008695652173913044
2019-08-01,74,1,115,0.008695652173913044
2019-08-01,75,4,115,0.034782608695652174
2019-08-01,76,1,115,0.008695652173913044
2019-08-01,77,4,115,0.034782608695652174
2019-08-01,78,1,115,0.008695652173913044
2019-08-01,79,2,115,0.017391304347826087
2019-08-01,81,1,115,0.008695652173913044
2019-08-01,82,2,115,0.017391304347826087
2019-08-01,83,2,115,0.017391304347826087
2019-09-01,0,97,97,1.0
2019-09-01,1,5,97,0.05154639175257732
2019-09-01,2,1,97,0.010309278350515464
2019-09-01,3,1,97,0.010309278350515464
2019-09-01,5,2,97,0.020618556701030927
2019-09-01,7,2,97,0.020618556701030927
2019-09-01,9,2,97,0.020618556701030927
2019-09-01,10,1,97,0.010309278350515464
2019-09-01,12,2,97,0.020618556701030927
2019-09-01,15,3,97,0.030927835051546393
2019-09-01,16,1,97,0.010309278350515464
2019-09-01,17,1,97,0.010309278350515464
2019-09-01,18,1,97,0.010309278350515464
2019-09-01,19,2,97,0.020618556701030927
2019-09-01,20,1,97,0.010309278350515464
2019-09-01,21,1,97,0.010309278350515464
2019-09-01,22,2,97,0.020618556701030927
2019-09-01,25,1,97,0.010309278350515464
2019-09-01,27,1,97,0.010309278350515464
2019-09-01,31,2,97,0.020618556701030927
2019-09-01,32,1,97,0.010309278350515464
2019-09-01,33,1,97,0.010309278350515464
2019-09-01,34,2,97,0.020618556701030927
2019-09-01,35,2,97,0.020618556701030927
2019-09-01,36,1,97,0.010309278350515464
2019-09-01,39,2,97,0.020618556701030927
2019-09-01,41,1,97,0.010309278350515464
2019-09-01,43,2,97,0.020618556701030927
2019-09-01,46,4,97,0.041237113402061855
2019-09-01,47,1,97,0.010309278350515464
2019-09-01,48,1,97,0.010309278350515464
2019-09-01,49,1,97,0.010309278350515464
2019-09-01,51,1,97,0.010309278350515464
2019-09-01,53,1,97,0.010309278350515464
2019-09-01,54,1,97,0.010309278350515464
2019-09-01,57,2,97,0.020618556701030927
2019-09-01,58,1,97,0.010309278350515464
2019-09-01,60,3,97,0.030927835051546393
2019-09-01,61,2,97,0.020618556701030927
2019-09-01,62,1,97,0.010309278350515464
2019-09-01,63,1,97,0.010309278350515464
2019-09-01,64,1,97,0.010309278350515464
2019-09-01,65,2,97,0.020618556701030927
2019-09-01,69,3,97,0.030927835051546393
2019-09-01,70,2,97,0.020618556701030927
2019-09-01,72,1,97,0.010309278350515464
2019-09-01,73,2,97,0.020618556701030927
2019-09-01,79,1,97,0.010309278350515464
2019-09-01,82,1,97,0.010309278350515464
2019-10-01,0,106,106,1.0
2019-10-01,1,3,106,0.02830188679245283
2019-10-01,3,2,106,0.018867924528301886
2019-10-01,5,2,106,0.018867924528301886
2019-10-01,6,1,106,0.009433962264150943
2019-10-01,8,1,106,0.009433962264150943
2019-10-01,9,3,106,0.02830188679245283
2019-10-01,10,1,106,0.009433962264150943
2019-10-01,11,2,106,0.018867924528301886
2019-10-01,12,2,106,0.018867924528301886
2019-10-01,14,1,106,0.009433962264150943
2019-10-01,15,1,106,0.009433962264150943
2019-10-01,16,1,106,0.009433962264150943
2019-10-01,17,2,106,0.018867924528301886
2019-10-01,19,1,106,0.009433962264150943
2019-10-01,20,1,106,0.009433962264150943
2019-10-01,21,2,106,0.018867924528301886
2019-10-01,22,2,106,0.018867924528301886
2019-10-01,23,1,106,0.009433962264150943
2019-10-01,25,1,106,0.009433962264150943
2019-10-01,29,1,106,0.009433962264150943
2019-10-01,30,1,106,0.009433962264150943
2019-10-01,31,1,106,0.009433962264150943
2019-10-01,32,4,106,0.03773584905660377
2019-10-01,34,4,106,0.03773584905660377
2019-10-01,36,1,106,0.009433962264150943
2019-10-01,39,1,106,0.009433962264150943
2019-10-01,40,2,106,0.018867924528301886
2019-10-01,41,2,106,0.018867924528301886
2019-10-01,42,1,106,0.009433962264150943
2019-10-01,44,2,106,0.018867924528301886
2019-10-01,45,2,106,0.018867924528301886
2019-10-01,46,1,106,0.009433962264150943
2019-10-01,49,4,106,0.03773584905660377
2019-10-01,50,1,106,0.009433962264150943
2019-10-01,51,3,106,0.02830188679245283
2019-10-01,52,3,106,0.02830188679245283
2019-10-01,56,1,106,0.009433962264150943
2019-10-01,58,1,106,0.009433962264150943
2019-10-01,59,2,106,0.018867924528301886
2019-10-01,61,3,106,0.02830188679245283
2019-10-01,65,3,106,0.02830188679245283
2019-10-01,68,2,106,0.018867924528301886
2019-10-01,71,2,106,0.018867924528301886
2019-10-01,72,2,106,0.018867924528301886
2019-10-01,73,2,106,0.018867924528301886
2019-10-01,76,1,106,0.009433962264150943
2019-10-01,79,1,106,0.009433962264150943
2019-10-01,81,4,106,0.03773584905660377
2019-10-01,82,2,106,0.018867924528301886
2019-11-01,0,123,123,1.0
2019-11-01,1,4,123,0.032520325203252036
2019-11-01,2,1,123,0.008130081300813009
2019-11-01,3,2,123,0.016260162601626018
2019-11-01,4,1,123,0.008130081300813009
2019-11-01,6,1,123,0.008130081300813009
2019-11-01,7,2,123,0.016260162601626018
2019-11-01,10,2,123,0.016260162601626018
2019-11-01,11,1,123,0.008130081300813009
2019-11-01,12,2,123,0.016260162601626018
2019-11-01,13,1,123,0.008130081300813009
2019-11-01,14,2,123,0.016260162601626018
2019-11-01,15,1,123,0.008130081300813009
2019-11-01,16,3,123,0.024390243902439025
2019-11-01,17,2,123,0.016260162601626018
2019-11-01,22,2,123,0.016260162601626018
2019-11-01,23,2,123,0.016260162601626018
2019-11-01,26,2,123,0.016260162601626018
2019-11-01,28,1,123,0.008130081300813009
2019-11-01,29,1,123,0.008130081300813009
2019-11-01,30,3,123,0.024390243902439025
2019-11-01,31,5,123,0.04065040650406504
2019-11-01,32,1,123,0.008130081300813009
2019-11-01,33,1,123,0.008130081300813009
2019-11-01,35,1,123,0.008130081300813009
2019-11-01,36,2,123,0.016260162601626018
2019-11-01,38,2,123,0.016260162601626018
2019-11-01,39,1,123,0.008130081300813009
2019-11-01,41,1,123,0.008130081300813009
2019-11-01,42,3,123,0.024390243902439025
2019-11-01,43,1,123,0.008130081300813009
2019-11-01,45,1,123,0.008130081300813009
2019-11-01,46,1,123,0.008130081300813009
2019-11-01,47,1,123,0.008130081300813009
2019-11-01,48,4,123,0.032520325203252036
2019-11-01,52,1,123,0.008130081300813009
2019-11-01,53,2,123,0.016260162601626018
2019-11-01,54,2,123,0.016260162601626018
2019-11-01,55,1,123,0.008130081300813009
2019-11-01,57,2,123,0.016260162601626018
2019-11-01,58,1,123,0.008130081300813009
2019-11-01,59,2,123,0.016260162601626018
2019-11-01,60,1,123,0.008130081300813009
2019-11-01,61,1,123,0.008130081300813009
2019-11-01,64,1,123,0.008130081300813009
2019-11-01,65,1,123,0.008130081300813009
2019-11-01,66,2,123,0.016260162601626018
2019-11-01,67,2,123,0.016260162601626018
2019-11-01,68,2,123,0.016260162601626018
2019-11-01,69,2,123,0.016260162601626018
2019-11-01,70,2,123,0.016260162601626018
2019-11-01,71,1,123,0.008130081300813009
2019-11-01,72,2,123,0.016260162601626018
2019-11-01,74,1,123,0.008130081300813009
2019-11-01,75,2,123,0.016260162601626018
2019-11-01,76,2,123,0.016260162601626018
2019-11-01,77,3,123,0.024390243902439025
2019-11-01,78,4,123,0.032520325203252036
2019-12-01,0,133,133,1.0
2019-12-01,1,2,133,0.015037593984962405
2019-12-01,2,1,133,0.007518796992481203
2019-12-01,3,2,133,0.015037593984962405
2019-12-01,4,1,133,0.007518796992481203
2019-12-01,5,1,133,0.007518796992481203
2019-12-01,6,1,133,0.007518796992481203
2019-12-01,8,2,133,0.015037593984962405
2019-12-01,9,2,133,0.015037593984962405
2019-12-01,10,1,133,0.007518796992481203
2019-12-01,13,1,133,0.007518796992481203
2019-12-01,14,1,133,0.007518796992481203
2019-12-01,15,1,133,0.007518796992481203
2019-12-01,16,2,133,0.015037593984962405
2019-12-01,18,2,133,0.015037593984962405
2019-12-01,20,3,133,0.022556390977443608
2019-12-01,21,3,133,0.022556390977443608
2019-12-01,22,2,133,0.015037593984962405
2019-12-01,24,1,133,0.007518796992481203
2019-12-01,25,1,133,0.007518796992481203
2019-12-01,26,2,133,0.015037593984962405
2019-12-01,27,2,133,0.015037593984962405
2019-12-01,28,2,133,0.015037593984962405
2019-12-01,29,5,133,0.03759398496240601
2019-12-01,30,2,133,0.015037593984962405
2019-12-01,31,1,133,0.007518796992481203
2019-12-01,32,1,133,0.007518796992481203
2019-12-01,33,1,133,0.007518796992481203
2019-12-01,35,3,133,0.022556390977443608
2019-12-01,36,2,133,0.015037593984962405
2019-12-01,37,3,133,0.022556390977443608
2019-12-01,38,1,133,0.007518796992481203
2019-12-01,40,1,133,0.007518796992481203
2019-12-01,41,4,133,0.03007518796992481
2019-12-01,43,3,133,0.022556390977443608
2019-12-01,46,2,133,0.015037593984962405
2019-12-01,47,1,133,0.007518796992481203
2019-12-01,48,2,133,0.015037593984962405
2019-12-01,50,1,133,0.007518796992481203
2019-12-01,51,2,133,0.015037593984962405
2019-12-01,52,2,133,0.015037593984962405
2019-12-01,54,1,133,0.007518796992481203
2019-12-01,55,1,133,0.007518796992481203
2019-12-01,59,3,133,0.022556390977443608
2019-12-01,61,1,133,0.007518796992481203
2019-12-01,63,2,133,0.015037593984962405
2019-12-01,65,1,133,0.007518796992481203
2019-12-01,66,2,133,0.015037593984962405
2019-12-01,67,2,133,0.015037593984962405
2019-12-01,68,1,133,0.007518796992481203
2019-12-01,69,1,133,0.007518796992481203
2019-12-01,70,1,133,0.007518796992481203
2019-12-01,71,1,133,0.007518796992481203
2019-12-01,73,1,133,0.007518796992481203
2019-12-01,74,2,133,0.015037593984962405
2019-12-01,75,2,133,0.015037593984962405
2019-12-01,76,1,133,0.007518796992481203
2019-12-01,77,2,133,0.015037593984962405
2019-12-01,78,1,133,0.007518796992481203
2019-12-01,80,2,133,0.015037593984962405
2020-01-01,0,155,155,1.0
2020-01-01,1,2,155,0.012903225806451613
2020-01-01,2,2,155,0.012903225806451613
2020-01-01,3,2,155,0.012903225806451613
2020-01-01,4,5,155,0.03225806451612903
2020-01-01,5,1,155,0.0064516129032258064
2020-01-01,6,2,155,0.012903225806451613
2020-01-01,7,2,155,0.012903225806451613
2020-01-01,8,1,155,0.0064516129032258064
2020-01-01,9,3,155,0.01935483870967742
2020-01-01,10,1,155,0.0064516129032258064
2020-01-01,11,1,155,0.0064516129032258064
2020-01-01,12,1,155,0.0064516129032258064
2020-01-01,13,2,155,0.012903225806451613
2020-01-01,14,1,155,0.0064516129032258064
2020-01-01,17,1,155,0.0064516129032258064
2020-01-01,18,5,155,0.03225806451612903
2020-01-01,19,3,155,0.01935483870967742
2020-01-01,20,1,155,0.0064516129032258064
2020-01-01,21,3,155,0.01935483870967742
2020-01-01,22,1,155,0.0064516129032258064
2020-01-01,24,2,155,0.012903225806451613
2020-01-01,25,1,155,0.0064516129032258064
2020-01-01,26,1,155,0.0064516129032258064
2020-01-01,27,3,155,0.01935483870967742
2020-01-01,28,3,155,0.01935483870967742
2020-01-01,29,1,155,0.0064516129032258064
2020-01-01,30,2,155,0.012903225806451613
2020-01-01,31,1,155,0.0064516129032258064
2020-01-01,32,2,155,0.012903225806451613
2020-01-01,33,1,155,0.0064516129032258064
2020-01-01,34,1,155,0.0064516129032258064
2020-01-01,36,3,155,0.01935483870967742
2020-01-01,39,1,155,0.0064516129032258064
2020-01-01,40,2,155,0.012903225806451613
2020-01-01,41,3,155,0.01935483870967742
2020-01-01,42,1,155,0.0064516129032258064
2020-01-01,43,3,155,0.01935483870967742
2020-01-01,44,1,155,0.0064516129032258064
2020-01-01,45,3,155,0.01935483870967742
2020-01-01,46,1,155,0.0064516129032258064
2020-01-01,47,1,155,0.0064516129032258064
2020-01-01,48,1,155,0.0064516129032258064
2020-01-01,50,1,155,0.0064516129032258064
2020-01-01,51,1,155,0.0064516129032258064
2020-01-01,52,1,155,0.0064516129032258064
2020-01-01,53,1,155,0.0064516129032258064
2020-01-01,55,2,155,0.012903225806451613
2020-01-01,56,2,155,0.012903225806451613
2020-01-01,57,3,155,0.01935483870967742
2020-01-01,59,3,155,0.01935483870967742
2020-01-01,60,1,155,0.0064516129032258064
2020-01-01,61,1,155,0.0064516129032258064
2020-01-01,62,1,155,0.0064516129032258064
2020-01-01,63,1,155,0.0064516129032258064
2020-01-01,65,3,155,0.01935483870967742
2020-01-01,66,1,155,0.0064516129032258064
2020-01-01,67,1,155,0.0064516129032258064
2020-01-01,68,2,155,0.012903225806451613
2020-01-01,69,2,155,0.012903225806451613
2020-01-01,70,2,155,0.012903225806451613
2020-01-01,72,1,155,0.0064516129032258064
2020-01-01,74,2,155,0.012903225806451613
2020-01-01,75,3,155,0.01935483870967742
2020-01-01,76,5,155,0.03225806451612903
2020-01-01,78,2,155,0.012903225806451613
2020-02-01,0,150,150,1.0
2020-02-01,1,9,150,0.06
2020-02-01,2,2,150,0.013333333333333334
2020-02-01,4,1,150,0.006666666666666667
2020-02-01,5,1,150,0.006666666666666667
2020-02-01,6,2,150,0.013333333333333334
2020-02-01,7,1,150,0.006666666666666667
2020-02-01,9,3,150,0.02
2020-02-01,10,2,150,0.013333333333333334
2020-02-01,11,3,150,0.02
2020-02-01,12,2,150,0.013333333333333334
2020-02-01,13,2,150,0.013333333333333334
2020-02-01,14,3,150,0.02
2020-02-01,15,1,150,0.006666666666666667
2020-02-01,17,2,150,0.013333333333333334
2020-02-01,20,1,150,0.006666666666666667
2020-02-01,22,3,150,0.02
2020-02-01,23,1,150,0.006666666666666667
2020-02-01,24,2,150,0.013333333333333334
2020-02-01,25,1,150,0.006666666666666667
2020-02-01,27,1,150,0.006666666666666667
2020-02-01,28,1,150,0.006666666666666667
2020-02-01,29,1,150,0.006666666666666667
2020-02-01,31,2,150,0.013333333333333334
2020-02-01,34,6,150,0.04
2020-02-01,35,2,150,0.013333333333333334
2020-02-01,37,1,150,0.006666666666666667
2020-02-01,38,3,150,0.02
2020-02-01,39,2,150,0.013333333333333334
2020-02-01,40,2,150,0.013333333333333334
2020-02-01,43,3,150,0.02
2020-02-01,44,3,150,0.02
2020-02-01,46,2,150,0.013333333333333334
2020-02-01,47,1,150,0.006666666666666667
2020-02-01,49,5,150,0.03333333333333333
2020-02-01,50,1,150,0.006666666666666667
2020-02-01,51,2,150,0.013333333333333334
2020-02-01,52,1,150,0.006666666666666667
2020-02-01,53,3,150,0.02
2020-02-01,54,3,150,0.02
2020-02-01,55,1,150,0.006666666666666667
2020-02-01,57,2,150,0.013333333333333334
2020-02-01,58,3,150,0.02
2020-02-01,60,1,150,0.006666666666666667
2020-02-01,61,1,150,0.006666666666666667
2020-02-01,62,1,150,0.006666666666666667
2020-02-01,63,1,150,0.006666666666666667
2020-02-01,64,2,150,0.013333333333333334
2020-02-01,65,3,150,0.02
2020-02-01,66,1,150,0.006666666666666667
2020-02-01,68,4,150,0.02666666666666667
2020-02-01,69,1,150,0.006666666666666667
2020-02-01,70,2,150,0.013333333333333334
2020-02-01,71,4,150,0.02666666666666667
2020-02-01,72,2,150,0.013333333333333334
2020-02-01,73,3,150,0.02
2020-02-01,74,3,150,0.02
2020-02-01,75,2,150,0.013333333333333334
2020-02-01,76,1,150,0.006666666666666667
2020-02-01,77,1,150,0.006666666666666667
2020-02-01,78,3,150,0.02
2020-03-01,0,196,196,1.0
2020-03-01,1,10,196,0.05102040816326531
2020-03-01,2,1,196,0.00510204081632653
2020-03-01,3,1,196,0.00510204081632653
2020-03-01,4,1,196,0.00510204081632653
2020-03-01,5,3,196,0.015306122448979591
2020-03-01,6,1,196,0.00510204081632653
2020-03-01,7,3,196,0.015306122448979591
2020-03-01,8,4,196,0.02040816326530612
2020-03-01,10,2,196,0.01020408163265306
2020-03-01,11,3,196,0.015306122448979591
2020-03-01,12,1,196,0.00510204081632653
2020-03-01,14,3,196,0.015306122448979591
2020-03-01,15,2,196,0.01020408163265306
2020-03-01,16,3,196,0.015306122448979591
2020-03-01,17,3,196,0.015306122448979591
2020-03-01,18,1,196,0.00510204081632653
2020-03-01,20,3,196,0.015306122448979591
2020-03-01,21,3,196,0.015306122448979591
2020-03-01,24,2,196,0.01020408163265306
2020-03-01,25,2,196,0.01020408163265306
2020-03-01,26,3,196,0.015306122448979591
2020-03-01,27,3,196,0.015306122448979591
2020-03-01,28,1,196,0.00510204081632653
2020-03-01,29,1,196,0.00510204081632653
2020-03-01,30,2,196,0.01020408163265306
2020-03-01,31,3,196,0.015306122448979591
2020-03-01,32,3,196,0.015306122448979591
2020-03-01,33,6,196,0.030612244897959183
2020-03-01,34,2,196,0.01020408163265306
2020-03-01,35,1,196,0.00510204081632653
2020-03-01,36,2,196,0.01020408163265306
2020-03-01,37,3,196,0.015306122448979591
2020-03-01,38,1,196,0.00510204081632653
2020-03-01,39,3,196,0.015306122448979591
2020-03-01,40,1,196,0.00510204081632653
2020-03-01,41,1,196,0.00510204081632653
2020-03-01,42,5,196,0.025510204081632654
2020-03-01,43,1,196,0.00510204081632653
2020-03-01,44,2,196,0.01020408163265306
2020-03-01,46,4,196,0.02040816326530612
2020-03-01,47,1,196,0.00510204081632653
2020-03-01,48,3,196,0.015306122448979591
2020-03-01,49,2,196,0.01020408163265306
2020-03-01,50,1,196,0.00510204081632653
2020-03-01,51,1,196,0.00510204081632653
2020-03-01,52,3,196,0.015306122448979591
2020-03-01,53,2,196,0.01020408163265306
2020-03-01,54,1,196,0.00510204081632653
2020-03-01,56,3,196,0.015306122448979591
2020-03-01,57,3,196,0.015306122448979591
2020-03-01,58,2,196,0.01020408163265306
2020-03-01,59,4,196,0.02040816326530612
2020-03-01,60,1,196,0.00510204081632653
2020-03-01,61,1,196,0.00510204081632653
2020-03-01,62,3,196,0.015306122448979591
2020-03-01,63,3,196,0.015306122448979591
2020-03-01,64,1,196,0.00510204081632653
2020-03-01,65,3,196,0.015306122448979591
2020-03-01,66,7,196,0.03571428571428571
2020-03-01,67,5,196,0.025510204081632654
2020-03-01,69,1,196,0.00510204081632653
2020-03-01,70,3,196,0.015306122448979591
2020-03-01,71,2,196,0.01020408163265306
2020-03-01,73,3,196,0.015306122448979591
2020-03-01,74,1,196,0.00510204081632653
2020-03-01,75,4,196,0.02040816326530612
2020-03-01,76,2,196,0.01020408163265306
2020-04-01,0,184,184,1.0
2020-04-01,1,3,184,0.016304347826086956
2020-04-01,2,3,184,0.016304347826086956
2020-04-01,3,4,184,0.021739130434782608
2020-04-01,4,4,184,0.021739130434782608
2020-04-01,5,3,184,0.016304347826086956
2020-04-01,6,2,184,0.010869565217391304
2020-04-01,7,1,184,0.005434782608695652
2020-04-01,8,2,184,0.010869565217391304
2020-04-01,10,2,184,0.010869565217391304
2020-04-01,11,1,184,0.005434782608695652
2020-04-01,12,3,184,0.016304347826086956
2020-04-01,13,3,184,0.016304347826086956
2020-04-01,14,3,184,0.016304347826086956
2020-04-01,15,1,184,0.005434782608695652
2020-04-01,16,4,184,0.021739130434782608
2020-04-01,17,1,184,0.005434782608695652
2020-04-01,18,1,184,0.005434782608695652
2020-04-01,19,5,184,0.02717391304347826
2020-04-01,20,1,184,0.005434782608695652
2020-04-01,21,2,184,0.010869565217391304
2020-04-01,22,2,184,0.010869565217391304
2020-04-01,23,3,184,0.016304347826086956
2020-04-01,24,1,184,0.005434782608695652
2020-04-01,25,3,184,0.016304347826086956
2020-04-01,26,3,184,0.016304347826086956
2020-04-01,27,1,184,0.005434782608695652
2020-04-01,28,4,184,0.021739130434782608
2020-04-01,30,1,184,0.005434782608695652
2020-04-01,31,5,184,0.02717391304347826
2020-04-01,32,4,184,0.021739130434782608
2020-04-01,33,3,184,0.016304347826086956
2020-04-01,34,2,184,0.010869565217391304
2020-04-01,36,1,184,0.005434782608695652
2020-04-01,38,2,184,0.010869565217391304
2020-04-01,39,1,184,0.005434782608695652
2020-04-01,40,2,184,0.010869565217391304
2020-04-01,41,3,184,0.016304347826086956
2020-04-01,43,2,184,0.010869565217391304
2020-04-01,44,2,184,0.010869565217391304
2020-04-01,45,4,184,0.021739130434782608
2020-04-01,46,3,184,0.016304347826086956
2020-04-01,47,1,184,0.005434782608695652
2020-04-01,48,1,184,0.005434782608695652
2020-04-01,49,2,184,0.010869565217391304
2020-04-01,50,2,184,0.010869565217391304
2020-04-01,51,1,184,0.005434782608695652
2020-04-01,52,1,184,0.005434782608695652
2020-04-01,54,6,184,0.03260869565217391
2020-04-01,57,1,184,0.005434782608695652
2020-04-01,58,2,184,0.010869565217391304
2020-04-01,59,1,184,0.005434782608695652
2020-04-01,60,1,184,0.005434782608695652
2020-04-01,61,3,184,0.016304347826086956
2020-04-01,62,2,184,0.010869565217391304
2020-04-01,64,1,184,0.005434782608695652
2020-04-01,65,4,184,0.021739130434782608
2020-04-01,66,2,184,0.010869565217391304
2020-04-01,67,1,184,0.005434782608695652
2020-04-01,68,3,184,0.016304347826086956
2020-04-01,70,2,184,0.010869565217391304
2020-04-01,71,1,184,0.005434782608695652
2020-04-01,72,1,184,0.005434782608695652
2020-04-01,73,2,184,0.010869565217391304
2020-04-01,74,3,184,0.016304347826086956
2020-04-01,75,3,184,0.016304347826086956
2020-05-01,0,205,205,1.0
2020-05-01,1,1,205,0.004878048780487805
2020-05-01,2,3,205,0.014634146341463415
2020-05-01,3,4,205,0.01951219512195122
2020-05-01,4,2,205,0.00975609756097561
2020-05-01,5,4,205,0.01951219512195122
2020-05-01,6,2,205,0.00975609756097561
2020-05-01,9,1,205,0.004878048780487805
2020-05-01,11,6,205,0.02926829268292683
2020-05-01,12,3,205,0.014634146341463415
2020-05-01,13,3,205,0.014634146341463415
2020-05-01,14,5,205,0.024390243902439025
2020-05-01,15,1,205,0.004878048780487805
2020-05-01,16,3,205,0.014634146341463415
2020-05-01,17,1,205,0.004878048780487805
2020-05-01,18,2,205,0.00975609756097561
2020-05-01,19,3,205,0.014634146341463415
2020-05-01,20,4,205,0.01951219512195122
2020-05-01,21,2,205,0.00975609756097561
2020-05-01,22,4,205,0.01951219512195122
2020-05-01,23,2,205,0.00975609756097561
2020-05-01,24,1,205,0.004878048780487805
2020-05-01,25,3,205,0.014634146341463415
2020-05-01,26,8,205,0.03902439024390244
2020-05-01,28,5,205,0.024390243902439025
2020-05-01,30,3,205,0.014634146341463415
2020-05-01,32,5,205,0.024390243902439025
2020-05-01,34,2,205,0.00975609756097561
2020-05-01,35,3,205,0.014634146341463415
2020-05-01,36,5,205,0.024390243902439025
2020-05-01,37,1,205,0.004878048780487805
2020-05-01,38,4,205,0.01951219512195122
2020-05-01,39,1,205,0.004878048780487805
2020-05-01,41,3,205,0.014634146341463415
2020-05-01,42,1,205,0.004878048780487805
2020-05-01,43,3,205,0.014634146341463415
2020-05-01,44,4,205,0.01951219512195122
2020-05-01,45,3,205,0.014634146341463415
2020-05-01,46,1,205,0.004878048780487805
2020-05-01,47,5,205,0.024390243902439025
2020-05-01,49,6,205,0.02926829268292683
2020-05-01,50,4,205,0.01951219512195122
2020-05-01,51,2,205,0.00975609756097561
2020-05-01,52,2,205,0.00975609756097561
2020-05-01,53,2,205,0.00975609756097561
2020-05-01,54,1,205,0.004878048780487805
2020-05-01,55,2,205,0.00975609756097561
2020-05-01,56,2,205,0.00975609756097561
2020-05-01,57,1,205,0.004878048780487805
2020-05-01,58,3,205,0.014634146341463415
2020-05-01,59,1,205,0.004878048780487805
2020-05-01,60,3,205,0.014634146341463415
2020-05-01,61,1,205,0.004878048780487805
2020-05-01,62,1,205,0.004878048780487805
2020-05-01,63,1,205,0.004878048780487805
2020-05-01,65,2,205,0.00975609756097561
2020-05-01,66,1,205,0.004878048780487805
2020-05-01,67,3,205,0.014634146341463415
2020-05-01,68,1,205,0.004878048780487805
2020-05-01,69,1,205,0.004878048780487805
2020-05-01,70,2,205,0.00975609756097561
2020-05-01,71,2,205,0.00975609756097561
2020-05-01,72,2,205,0.00975609756097561
2020-05-01,73,3,205,0.014634146341463415
2020-05-01,75,1,205,0.004878048780487805
2020-06-01,0,203,203,1.0
2020-06-01,1,6,203,0.029556650246305417
2020-06-01,2,2,203,0.009852216748768473
2020-06-01,4,2,203,0.009852216748768473
2020-06-01,6,2,203,0.009852216748768473
2020-06-01,7,3,203,0.014778325123152709
2020-06-01,8,1,203,0.0049261083743842365
2020-06-01,9,3,203,0.014778325123152709
2020-06-01,10,7,203,0.034482758620689655
2020-06-01,11,3,203,0.014778325123152709
2020-06-01,12,3,203,0.014778325123152709
2020-06-01,13,1,203,0.0049261083743842365
2020-06-01,14,1,203,0.0049261083743842365
2020-06-01,16,1,203,0.0049261083743842365
2020-06-01,17,2,203,0.009852216748768473
2020-06-01,19,2,203,0.009852216748768473
2020-06-01,20,2,203,0.009852216748768473
2020-06-01,22,5,203,0.024630541871921183
2020-06-01,23,1,203,0.0049261083743842365
2020-06-01,24,3,203,0.014778325123152709
2020-06-01,25,1,203,0.0049261083743842365
2020-06-01,26,4,203,0.019704433497536946
2020-06-01,27,2,203,0.009852216748768473
2020-06-01,28,3,203,0.014778325123152709
2020-06-01,29,3,203,0.014778325123152709
2020-06-01,30,3,203,0.014778325123152709
2020-06-01,32,1,203,0.0049261083743842365
2020-06-01,33,3,203,0.014778325123152709
2020-06-01,34,2,203,0.009852216748768473
2020-06-01,35,6,203,0.029556650246305417
2020-06-01,36,1,203,0.0049261083743842365
2020-06-01,37,1,203,0.0049261083743842365
2020-06-01,38,1,203,0.0049261083743842365
2020-06-01,39,2,203,0.009852216748768473
2020-06-01,40,1,203,0.0049261083743842365
2020-06-01,41,2,203,0.009852216748768473
2020-06-01,42,3,203,0.014778325123152709
2020-06-01,43,2,203,0.009852216748768473
2020-06-01,44,4,203,0.019704433497536946
2020-06-01,45,1,203,0.0049261083743842365
2020-06-01,46,3,203,0.014778325123152709
2020-06-01,47,1,203,0.0049261083743842365
2020-06-01,48,1,203,0.0049261083743842365
2020-06-01,49,1,203,0.0049261083743842365
2020-06-01,50,3,203,0.014778325123152709
2020-06-01,51,3,203,0.014778325123152709
2020-06-01,52,1,203,0.0049261083743842365
2020-06-01,53,3,203,0.014778325123152709
2020-06-01,54,1,203,0.0049261083743842365
2020-06-01,56,1,203,0.0049261083743842365
2020-06-01,57,2,203,0.009852216748768473
2020-06-01,58,2,203,0.009852216748768473
2020-06-01,59,1,203,0.0049261083743842365
2020-06-01,60,2,203,0.009852216748768473
2020-06-01,61,4,203,0.019704433497536946
2020-06-01,63,3,203,0.014778325123152709
2020-06-01,64,1,203,0.0049261083743842365
2020-06-01,65,3,203,0.014778325123152709
2020-06-01,66,2,203,0.009852216748768473
2020-06-01,69,3,203,0.014778325123152709
2020-06-01,70,4,203,0.019704433497536946
2020-06-01,71,3,203,0.014778325123152709
2020-06-01,72,2,203,0.009852216748768473
2020-06-01,73,1,203,0.0049261083743842365
2020-06-01,74,1,203,0.0049261083743842365
2020-07-01,0,240,240,1.0
2020-07-01,1,9,240,0.0375
2020-07-01,2,1,240,0.004166666666666667
2020-07-01,3,2,240,0.008333333333333333
2020-07-01,4,5,240,0.020833333333333332
2020-07-01,5,5,240,0.020833333333333332
2020-07-01,6,5,240,0.020833333333333332
2020-07-01,7,5,240,0.020833333333333332
2020-07-01,8,2,240,0.008333333333333333
2020-07-01,9,6,240,0.025
2020-07-01,11,2,240,0.008333333333333333
2020-07-01,12,3,240,0.0125
2020-07-01,13,3,240,0.0125
2020-07-01,14,3,240,0.0125
2020-07-01,15,4,240,0.016666666666666666
2020-07-01,16,2,240,0.008333333333333333
2020-07-01,17,3,240,0.0125
2020-07-01,18,4,240,0.016666666666666666
2020-07-01,19,1,240,0.004166666666666667
2020-07-01,20,5,240,0.020833333333333332
2020-07-01,21,3,240,0.0125
2020-07-01,22,4,240,0.016666666666666666
2020-07-01,23,3,240,0.0125
2020-07-01,24,3,240,0.0125
2020-07-01,25,3,240,0.0125
2020-07-01,26,4,240,0.016666666666666666
2020-07-01,27,2,240,0.008333333333333333
2020-07-01,28,5,240,0.020833333333333332
2020-07-01,29,4,240,0.016666666666666666
2020-07-01,30,4,240,0.016666666666666666
2020-07-01,32,3,240,0.0125
2020-07-01,33,1,240,0.004166666666666667
2020-07-01,34,1,240,0.004166666666666667
2020-07-01,35,4,240,0.016666666666666666
2020-07-01,36,3,240,0.0125
2020-07-01,37,4,240,0.016666666666666666
2020-07-01,38,2,240,0.008333333333333333
2020-07-01,39,5,240,0.020833333333333332
2020-07-01,40,2,240,0.008333333333333333
2020-07-01,41,4,240,0.016666666666666666
2020-07-01,42,2,240,0.008333333333333333
2020-07-01,44,4,240,0.016666666666666666
2020-07-01,45,2,240,0.008333333333333333
2020-07-01,46,6,240,0.025
2020-07-01,47,4,240,0.016666666666666666
2020-07-01,48,3,240,0.0125
2020-07-01,49,2,240,0.008333333333333333
2020-07-01,50,1,240,0.004166666666666667
2020-07-01,51,4,240,0.016666666666666666
2020-07-01,52,3,240,0.0125
2020-07-01,53,3,240,0.0125
2020-07-01,54,1,240,0.004166666666666667
2020-07-01,55,3,240,0.0125
2020-07-01,56,3,240,0.0125
2020-07-01,57,1,240,0.004166666666666667
2020-07-01,58,4,240,0.016666666666666666
2020-07-01,59,2,240,0.008333333333333333
2020-07-01,60,4,240,0.016666666666666666
2020-07-01,61,3,240,0.0125
2020-07-01,62,3,240,0.0125
2020-07-01,63,2,240,0.008333333333333333
2020-07-01,64,3,240,0.0125
2020-07-01,66,1,240,0.004166666666666667
2020-07-01,68,3,240,0.0125
2020-07-01,69,5,240,0.020833333333333332
2020-07-01,70,3,240,0.0125
2020-07-01,71,2,240,0.008333333333333333
2020-07-01,72,3,240,0.0125
2020-07-01,73,1,240,0.004166666666666667
2020-08-01,0,239,239,1.0
2020-08-01,1,5,239,0.02092050209205021
2020-08-01,2,4,239,0.016736401673640166
2020-08-01,3,2,239,0.008368200836820083
2020-08-01,4,2,239,0.008368200836820083
2020-08-01,5,1,239,0.0041841004184100415
2020-08-01,6,1,239,0.0041841004184100415
2020-08-01,7,4,239,0.016736401673640166
2020-08-01,8,2,239,0.008368200836820083
2020-08-01,10,3,239,0.012552301255230125
2020-08-01,11,2,239,0.008368200836820083
2020-08-01,12,3,239,0.012552301255230125
2020-08-01,13,4,239,0.016736401673640166
2020-08-01,14,2,239,0.008368200836820083
2020-08-01,15,3,239,0.012552301255230125
2020-08-01,17,1,239,0.0041841004184100415
2020-08-01,18,5,239,0.02092050209205021
2020-08-01,19,3,239,0.012552301255230125
2020-08-01,20,8,239,0.03347280334728033
2020-08-01,21,1,239,0.0041841004184100415
2020-08-01,22,4,239,0.016736401673640166
2020-08-01,23,3,239,0.012552301255230125
2020-08-01,24,2,239,0.008368200836820083
2020-08-01,25,3,239,0.012552301255230125
2020-08-01,26,5,239,0.02092050209205021
2020-08-01,27,1,239,0.0041841004184100415
2020-08-01,28,5,239,0.02092050209205021
2020-08-01,29,4,239,0.016736401673640166
2020-08-01,31,2,239,0.008368200836820083
2020-08-01,32,4,239,0.016736401673640166
2020-08-01,33,2,239,0.008368200836820083
2020-08-01,34,4,239,0.016736401673640166
2020-08-01,35,2,239,0.008368200836820083
2020-08-01,36,1,239,0.0041841004184100415
2020-08-01,37,3,239,0.012552301255230125
2020-08-01,38,2,239,0.008368200836820083
2020-08-01,39,1,239,0.0041841004184100415
2020-08-01,40,3,239,0.012552301255230125
2020-08-01,41,1,239,0.0041841004184100415
2020-08-01,42,1,239,0.0041841004184100415
2020-08-01,43,3,239,0.012552301255230125
2020-08-01,44,3,239,0.012552301255230125
2020-08-01,45,2,239,0.008368200836820083
2020-08-01,46,5,239,0.02092050209205021
2020-08-01,47,2,239,0.008368200836820083
2020-08-01,48,4,239,0.016736401673640166
2020-08-01,49,1,239,0.0041841004184100415
2020-08-01,50,6,239,0.02510460251046025
2020-08-01,52,4,239,0.016736401673640166
2020-08-01,53,6,239,0.02510460251046025
2020-08-01,54,2,239,0.008368200836820083
2020-08-01,55,4,239,0.016736401673640166
2020-08-01,56,2,239,0.008368200836820083
2020-08-01,57,2,239,0.008368200836820083
2020-08-01,58,3,239,0.012552301255230125
2020-08-01,59,1,239,0.0041841004184100415
2020-08-01,60,5,239,0.02092050209205021
2020-08-01,61,3,239,0.012552301255230125
2020-08-01,62,2,239,0.008368200836820083
2020-08-01,63,2,239,0.008368200836820083
2020-08-01,64,1,239,0.0041841004184100415
2020-08-01,65,4,239,0.016736401673640166
2020-08-01,66,2,239,0.008368200836820083
2020-08-01,67,3,239,0.012552301255230125
2020-08-01,68,2,239,0.008368200836820083
2020-08-01,69,3,239,0.012552301255230125
2020-08-01,70,2,239,0.008368200836820083
2020-08-01,71,1,239,0.0041841004184100415
2020-09-01,0,260,260,1.0
2020-09-01,1,9,260,0.03461538461538462
2020-09-01,2,7,260,0.026923076923076925
2020-09-01,3,2,260,0.007692307692307693
2020-09-01,4,1,260,0.0038461538461538464
2020-09-01,5,1,260,0.0038461538461538464
2020-09-01,6,1,260,0.0038461538461538464
2020-09-01,7,6,260,0.023076923076923078
2020-09-01,8,6,260,0.023076923076923078
2020-09-01,9,4,260,0.015384615384615385
2020-09-01,10,2,260,0.007692307692307693
2020-09-01,11,4,260,0.015384615384615385
2020-09-01,12,3,260,0.011538461538461539
2020-09-01,13,2,260,0.007692307692307693
2020-09-01,14,2,260,0.007692307692307693
2020-09-01,15,6,260,0.023076923076923078
2020-09-01,16,1,260,0.0038461538461538464
2020-09-01,17,4,260,0.015384615384615385
2020-09-01,18,3,260,0.011538461538461539
2020-09-01,20,2,260,0.007692307692307693
2020-09-01,21,5,260,0.019230769230769232
2020-09-01,22,2,260,0.007692307692307693
2020-09-01,23,4,260,0.015384615384615385
2020-09-01,24,2,260,0.007692307692307693
2020-09-01,25,1,260,0.0038461538461538464
2020-09-01,26,4,260,0.015384615384615385
2020-09-01,27,3,260,0.011538461538461539
2020-09-01,28,1,260,0.0038461538461538464
2020-09-01,29,3,260,0.011538461538461539
2020-09-01,30,2,260,0.007692307692307693
2020-09-01,31,1,260,0.0038461538461538464
2020-09-01,32,3,260,0.011538461538461539
2020-09-01,33,1,260,0.0038461538461538464
2020-09-01,34,2,260,0.007692307692307693
2020-09-01,35,3,260,0.011538461538461539
2020-09-01,36,1,260,0.0038461538461538464
2020-09-01,37,6,260,0.023076923076923078
2020-09-01,38,1,260,0.0038461538461538464
2020-09-01,39,6,260,0.023076923076923078
2020-09-01,40,5,260,0.019230769230769232
2020-09-01,41,3,260,0.011538461538461539
2020-09-01,42,5,260,0.019230769230769232
2020-09-01,43,4,260,0.015384615384615385
2020-09-01,44,2,260,0.007692307692307693
2020-09-01,46,5,260,0.019230769230769232
2020-09-01,47,3,260,0.011538461538461539
2020-09-01,48,3,260,0.011538461538461539
2020-09-01,49,4,260,0.015384615384615385
2020-09-01,51,1,260,0.0038461538461538464
2020-09-01,52,3,260,0.011538461538461539
2020-09-01,53,2,260,0.007692307692307693
2020-09-01,54,4,260,0.015384615384615385
2020-09-01,55,4,260,0.015384615384615385
2020-09-01,56,2,260,0.007692307692307693
2020-09-01,57,3,260,0.011538461538461539
2020-09-01,58,2,260,0.007692307692307693
2020-09-01,60,3,260,0.011538461538461539
2020-09-01,61,6,260,0.023076923076923078
2020-09-01,62,4,260,0.015384615384615385
2020-09-01,63,5,260,0.019230769230769232
2020-09-01,64,4,260,0.015384615384615385
2020-09-01,65,4,260,0.015384615384615385
2020-09-01,66,5,260,0.019230769230769232
2020-09-01,67,2,260,0.007692307692307693
2020-09-01,68,3,260,0.011538461538461539
2020-09-01,69,4,260,0.015384615384615385
2020-09-01,70,2,260,0.007692307692307693
2020-09-01,71,6,260,0.023076923076923078
2020-10-01,0,295,295,1.0
2020-10-01,1,10,295,0.03389830508474576
2020-10-01,2,1,295,0.003389830508474576
2020-10-01,3,8,295,0.02711864406779661
2020-10-01,4,3,295,0.010169491525423728
2020-10-01,5,2,295,0.006779661016949152
2020-10-01,6,3,295,0.010169491525423728
2020-10-01,7,1,295,0.003389830508474576
2020-10-01,8,9,295,0.030508474576271188
2020-10-01,9,2,295,0.006779661016949152
2020-10-01,10,5,295,0.01694915254237288
2020-10-01,12,5,295,0.01694915254237288
2020-10-01,13,1,295,0.003389830508474576
2020-10-01,14,4,295,0.013559322033898305
2020-10-01,15,4,295,0.013559322033898305
2020-10-01,16,2,295,0.006779661016949152
2020-10-01,17,1,295,0.003389830508474576
2020-10-01,18,2,295,0.006779661016949152
2020-10-01,19,2,295,0.006779661016949152
2020-10-01,20,1,295,0.003389830508474576
2020-10-01,21,4,295,0.013559322033898305
2020-10-01,22,4,295,0.013559322033898305
2020-10-01,23,3,295,0.010169491525423728
2020-10-01,24,5,295,0.01694915254237288
2020-10-01,25,6,295,0.020338983050847456
2020-10-01,26,2,295,0.006779661016949152
2020-10-01,27,4,295,0.013559322033898305
2020-10-01,28,3,295,0.010169491525423728
2020-10-01,29,1,295,0.003389830508474576
2020-10-01,30,2,295,0.006779661016949152
2020-10-01,31,5,295,0.01694915254237288
2020-10-01,32,5,295,0.01694915254237288
2020-10-01,33,3,295,0.010169491525423728
2020-10-01,34,4,295,0.013559322033898305
2020-10-01,36,1,295,0.003389830508474576
2020-10-01,37,6,295,0.020338983050847456
2020-10-01,38,2,295,0.006779661016949152
2020-10-01,39,5,295,0.01694915254237288
2020-10-01,40,1,295,0.003389830508474576
2020-10-01,42,4,295,0.013559322033898305
2020-10-01,43,5,295,0.01694915254237288
2020-10-01,44,2,295,0.006779661016949152
2020-10-01,45,6,295,0.020338983050847456
2020-10-01,46,4,295,0.013559322033898305
2020-10-01,47,7,295,0.023728813559322035
2020-10-01,48,2,295,0.006779661016949152
2020-10-01,49,1,295,0.003389830508474576
2020-10-01,50,2,295,0.006779661016949152
2020-10-01,51,2,295,0.006779661016949152
2020-10-01,52,5,295,0.01694915254237288
2020-10-01,53,1,295,0.003389830508474576
2020-10-01,54,4,295,0.013559322033898305
2020-10-01,55,5,295,0.01694915254237288
2020-10-01,56,1,295,0.003389830508474576
2020-10-01,57,1,295,0.003389830508474576
2020-10-01,58,2,295,0.006779661016949152
2020-10-01,59,3,295,0.010169491525423728
2020-10-01,60,6,295,0.020338983050847456
2020-10-01,61,3,295,0.010169491525423728
2020-10-01,62,8,295,0.02711864406779661
2020-10-01,63,6,295,0.020338983050847456
2020-10-01,64,1,295,0.003389830508474576
2020-10-01,65,3,295,0.010169491525423728
2020-10-01,66,2,295,0.006779661016949152
2020-10-01,67,2,295,0.006779661016949152
2020-10-01,68,1,295,0.003389830508474576
2020-10-01,69,1,295,0.003389830508474576
2020-10-01,70,2,295,0.006779661016949152
2020-11-01,0,286,286,1.0
2020-11-01,1,5,286,0.017482517482517484
2020-11-01,2,3,286,0.01048951048951049
2020-11-01,3,3,286,0.01048951048951049
2020-11-01,4,4,286,0.013986013986013986
2020-11-01,5,4,286,0.013986013986013986
2020-11-01,6,4,286,0.013986013986013986
2020-11-01,7,6,286,0.02097902097902098
2020-11-01,8,1,286,0.0034965034965034965
2020-11-01,9,4,286,0.013986013986013986
2020-11-01,10,3,286,0.01048951048951049
2020-11-01,11,5,286,0.017482517482517484
2020-11-01,12,1,286,0.0034965034965034965
2020-11-01,13,5,286,0.017482517482517484
2020-11-01,14,5,286,0.017482517482517484
2020-11-01,15,3,286,0.01048951048951049
2020-11-01,16,6,286,0.02097902097902098
2020-11-01,17,3,286,0.01048951048951049
2020-11-01,18,3,286,0.01048951048951049
2020-11-01,19,4,286,0.013986013986013986
2020-11-01,20,1,286,0.0034965034965034965
2020-11-01,22,3,286,0.01048951048951049
2020-11-01,23,4,286,0.013986013986013986
2020-11-01,24,2,286,0.006993006993006993
2020-11-01,25,2,286,0.006993006993006993
2020-11-01,26,2,286,0.006993006993006993
2020-11-01,28,1,286,0.0034965034965034965
2020-11-01,29,1,286,0.0034965034965034965
2020-11-01,30,5,286,0.017482517482517484
2020-11-01,31,4,286,0.013986013986013986
2020-11-01,32,4,286,0.013986013986013986
2020-11-01,33,3,286,0.01048951048951049
2020-11-01,34,3,286,0.01048951048951049
2020-11-01,35,2,286,0.006993006993006993
2020-11-01,36,3,286,0.01048951048951049
2020-11-01,37,1,286,0.0034965034965034965
2020-11-01,38,5,286,0.017482517482517484
2020-11-01,39,3,286,0.01048951048951049
2020-11-01,40,4,286,0.013986013986013986
2020-11-01,42,3,286,0.01048951048951049
2020-11-01,43,3,286,0.01048951048951049
2020-11-01,45,1,286,0.0034965034965034965
2020-11-01,46,1,286,0.0034965034965034965
2020-11-01,47,3,286,0.01048951048951049
2020-11-01,48,2,286,0.006993006993006993
2020-11-01,49,3,286,0.01048951048951049
2020-11-01,50,3,286,0.01048951048951049
2020-11-01,51,3,286,0.01048951048951049
2020-11-01,52,2,286,0.006993006993006993
2020-11-01,53,4,286,0.013986013986013986
2020-11-01,54,4,286,0.013986013986013986
2020-11-01,55,4,286,0.013986013986013986
2020-11-01,56,1,286,0.0034965034965034965
2020-11-01,57,2,286,0.006993006993006993
2020-11-01,58,3,286,0.01048951048951049
2020-11-01,59,1,286,0.0034965034965034965
2020-11-01,60,4,286,0.013986013986013986
2020-11-01,61,2,286,0.006993006993006993
2020-11-01,62,6,286,0.02097902097902098
2020-11-01,63,4,286,0.013986013986013986
2020-11-01,64,3,286,0.01048951048951049
2020-11-01,65,2,286,0.006993006993006993
2020-11-01,67,2,286,0.006993006993006993
2020-11-01,68,2,286,0.006993006993006993
2020-11-01,69,2,286,0.006993006993006993
2020-12-01,0,279,279,1.0
2020-12-01,1,8,279,0.02867383512544803
2020-12-01,2,2,279,0.007168458781362007
2020-12-01,3,4,279,0.014336917562724014
2020-12-01,4,1,279,0.0035842293906810036
2020-12-01,5,3,279,0.010752688172043012
2020-12-01,6,4,279,0.014336917562724014
2020-12-01,7,3,279,0.010752688172043012
2020-12-01,8,6,279,0.021505376344086023
2020-12-01,9,2,279,0.007168458781362007
2020-12-01,10,3,279,0.010752688172043012
2020-12-01,11,5,279,0.017921146953405017
2020-12-01,12,1,279,0.0035842293906810036
2020-12-01,13,9,279,0.03225806451612903
2020-12-01,14,5,279,0.017921146953405017
2020-12-01,15,4,279,0.014336917562724014
2020-12-01,17,1,279,0.0035842293906810036
2020-12-01,18,6,279,0.021505376344086023
2020-12-01,19,5,279,0.017921146953405017
2020-12-01,20,1,279,0.0035842293906810036
2020-12-01,21,2,279,0.007168458781362007
2020-12-01,22,8,279,0.02867383512544803
2020-12-01,23,3,279,0.010752688172043012
2020-12-01,24,3,279,0.010752688172043012
2020-12-01,25,3,279,0.010752688172043012
2020-12-01,26,4,279,0.014336917562724014
2020-12-01,27,4,279,0.014336917562724014
2020-12-01,28,4,279,0.014336917562724014
2020-12-01,29,3,279,0.010752688172043012
2020-12-01,30,3,279,0.010752688172043012
2020-12-01,31,5,279,0.017921146953405017
2020-12-01,33,5,279,0.017921146953405017
2020-12-01,34,2,279,0.007168458781362007
2020-12-01,35,2,279,0.007168458781362007
2020-12-01,36,2,279,0.007168458781362007
2020-12-01,37,2,279,0.007168458781362007
2020-12-01,38,2,279,0.007168458781362007
2020-12-01,39,2,279,0.007168458781362007
2020-12-01,40,1,279,0.0035842293906810036
2020-12-01,41,3,279,0.010752688172043012
2020-12-01,42,4,279,0.014336917562724014
2020-12-01,43,4,279,0.014336917562724014
2020-12-01,44,2,279,0.007168458781362007
2020-12-01,45,3,279,0.010752688172043012
2020-12-01,46,3,279,0.010752688172043012
2020-12-01,47,2,279,0.007168458781362007
2020-12-01,48,2,279,0.007168458781362007
2020-12-01,49,3,279,0.010752688172043012
2020-12-01,50,1,279,0.0035842293906810036
2020-12-01,51,2,279,0.007168458781362007
2020-12-01,52,2,279,0.007168458781362007
2020-12-01,53,3,279,0.010752688172043012
2020-12-01,54,3,279,0.010752688172043012
2020-12-01,55,1,279,0.0035842293906810036
2020-12-01,56,3,279,0.010752688172043012
2020-12-01,57,3,279,0.010752688172043012
2020-12-01,58,2,279,0.007168458781362007
2020-12-01,60,1,279,0.0035842293906810036
2020-12-01,61,3,279,0.010752688172043012
2020-12-01,62,3,279,0.010752688172043012
2020-12-01,63,1,279,0.0035842293906810036
2020-12-01,64,3,279,0.010752688172043012
2020-12-01,65,4,279,0.014336917562724014
2020-12-01,66,1,279,0.0035842293906810036
2020-12-01,67,1,279,0.0035842293906810036
2021-01-01,0,300,300,1.0
2021-01-01,1,8,300,0.02666666666666667
2021-01-01,2,1,300,0.0033333333333333335
2021-01-01,3,3,300,0.01
2021-01-01,4,6,300,0.02
2021-01-01,5,1,300,0.0033333333333333335
2021-01-01,6,7,300,0.023333333333333334
2021-01-01,7,3,300,0.01
2021-01-01,8,2,300,0.006666666666666667
2021-01-01,9,4,300,0.013333333333333334
2021-01-01,10,1,300,0.0033333333333333335
2021-01-01,11,3,300,0.01
2021-01-01,12,7,300,0.023333333333333334
2021-01-01,13,4,300,0.013333333333333334
2021-01-01,14,2,300,0.006666666666666667
2021-01-01,15,2,300,0.006666666666666667
2021-01-01,16,5,300,0.016666666666666666
2021-01-01,17,2,300,0.006666666666666667
2021-01-01,18,2,300,0.006666666666666667
2021-01-01,19,3,300,0.01
2021-01-01,20,3,300,0.01
2021-01-01,21,1,300,0.0033333333333333335
2021-01-01,22,7,300,0.023333333333333334
2021-01-01,24,1,300,0.0033333333333333335
2021-01-01,25,3,300,0.01
2021-01-01,26,3,300,0.01
2021-01-01,27,1,300,0.0033333333333333335
2021-01-01,28,6,300,0.02
2021-01-01,29,1,300,0.0033333333333333335
2021-01-01,30,4,300,0.013333333333333334
2021-01-01,31,5,300,0.016666666666666666
2021-01-01,32,1,300,0.0033333333333333335
2021-01-01,33,4,300,0.013333333333333334
2021-01-01,34,2,300,0.006666666666666667
2021-01-01,35,1,300,0.0033333333333333335
2021-01-01,36,2,300,0.006666666666666667
2021-01-01,37,4,300,0.013333333333333334
2021-01-01,38,4,300,0.013333333333333334
2021-01-01,39,7,300,0.023333333333333334
2021-01-01,40,2,300,0.006666666666666667
2021-01-01,41,7,300,0.023333333333333334
2021-01-01,42,3,300,0.01
2021-01-01,43,8,300,0.02666666666666667
2021-01-01,44,6,300,0.02
2021-01-01,45,2,300,0.006666666666666667
2021-01-01,46,1,300,0.0033333333333333335
2021-01-01,47,3,300,0.01
2021-01-01,49,2,300,0.006666666666666667
2021-01-01,50,2,300,0.006666666666666667
2021-01-01,51,3,300,0.01
2021-01-01,52,5,300,0.016666666666666666
2021-01-01,53,1,300,0.0033333333333333335
2021-01-01,54,4,300,0.013333333333333334
2021-01-01,55,3,300,0.01
2021-01-01,56,3,300,0.01
2021-01-01,57,6,300,0.02
2021-01-01,58,2,300,0.006666666666666667
2021-01-01,59,1,300,0.0033333333333333335
2021-01-01,60,3,300,0.01
2021-01-01,61,2,300,0.006666666666666667
2021-01-01,62,2,300,0.006666666666666667
2021-01-01,63,6,300,0.02
2021-01-01,64,6,300,0.02
2021-01-01,65,4,300,0.013333333333333334
2021-01-01,66,3,300,0.01
2021-01-01,67,3,300,0.01
2021-02-01,0,277,277,1.0
2021-02-01,1,7,277,0.02527075812274368
2021-02-01,2,4,277,0.01444043321299639
2021-02-01,3,3,277,0.010830324909747292
2021-02-01,4,2,277,0.007220216606498195
2021-02-01,5,4,277,0.01444043321299639
2021-02-01,6,4,277,0.01444043321299639
2021-02-01,7,3,277,0.010830324909747292
2021-02-01,8,3,277,0.010830324909747292
2021-02-01,9,3,277,0.010830324909747292
2021-02-01,10,2,277,0.007220216606498195
2021-02-01,11,5,277,0.018050541516245487
2021-02-01,12,2,277,0.007220216606498195
2021-02-01,13,1,277,0.0036101083032490976
2021-02-01,14,6,277,0.021660649819494584
2021-02-01,15,4,277,0.01444043321299639
2021-02-01,16,6,277,0.021660649819494584
2021-02-01,17,3,277,0.010830324909747292
2021-02-01,18,1,277,0.0036101083032490976
2021-02-01,19,5,277,0.018050541516245487
2021-02-01,20,3,277,0.010830324909747292
2021-02-01,21,5,277,0.018050541516245487
2021-02-01,23,2,277,0.007220216606498195
2021-02-01,24,6,277,0.021660649819494584
2021-02-01,25,2,277,0.007220216606498195
2021-02-01,26,5,277,0.018050541516245487
2021-02-01,27,3,277,0.010830324909747292
2021-02-01,28,7,277,0.02527075812274368
2021-02-01,29,1,277,0.0036101083032490976
2021-02-01,30,4,277,0.01444043321299639
2021-02-01,31,3,277,0.010830324909747292
2021-02-01,32,1,277,0.0036101083032490976
2021-02-01,33,4,277,0.01444043321299639
2021-02-01,34,3,277,0.010830324909747292
2021-02-01,35,4,277,0.01444043321299639
2021-02-01,36,4,277,0.01444043321299639
2021-02-01,37,2,277,0.007220216606498195
2021-02-01,39,3,277,0.010830324909747292
2021-02-01,40,4,277,0.01444043321299639
2021-02-01,41,3,277,0.010830324909747292
2021-02-01,42,5,277,0.018050541516245487
2021-02-01,43,5,277,0.018050541516245487
2021-02-01,44,7,277,0.02527075812274368
2021-02-01,45,2,277,0.007220216606498195
2021-02-01,46,6,277,0.021660649819494584
2021-02-01,47,5,277,0.018050541516245487
2021-02-01,48,2,277,0.007220216606498195
2021-02-01,49,5,277,0.018050541516245487
2021-02-01,50,4,277,0.01444043321299639
2021-02-01,51,2,277,0.007220216606498195
2021-02-01,52,4,277,0.01444043321299639
2021-02-01,53,3,277,0.010830324909747292
2021-02-01,54,3,277,0.010830324909747292
2021-02-01,55,4,277,0.01444043321299639
2021-02-01,56,5,277,0.018050541516245487
2021-02-01,57,4,277,0.01444043321299639
2021-02-01,58,3,277,0.010830324909747292
2021-02-01,59,2,277,0.007220216606498195
2021-02-01,60,3,277,0.010830324909747292
2021-02-01,61,6,277,0.021660649819494584
2021-02-01,62,6,277,0.021660649819494584
2021-02-01,63,4,277,0.01444043321299639
2021-02-01,64,6,277,0.021660649819494584
2021-02-01,65,6,277,0.021660649819494584
2021-02-01,66,4,277,0.01444043321299639
2021-03-01,0,313,313,1.0
2021-03-01,1,9,313,0.02875399361022364
2021-03-01,2,9,313,0.02875399361022364
2021-03-01,3,2,313,0.006389776357827476
2021-03-01,4,5,313,0.01597444089456869
2021-03-01,5,7,313,0.022364217252396165
2021-03-01,6,6,313,0.019169329073482427
2021-03-01,7,4,313,0.012779552715654952
2021-03-01,8,4,313,0.012779552715654952
2021-03-01,9,3,313,0.009584664536741214
2021-03-01,10,4,313,0.012779552715654952
2021-03-01,11,5,313,0.01597444089456869
2021-03-01,12,3,313,0.009584664536741214
2021-03-01,13,1,313,0.003194888178913738
2021-03-01,14,3,313,0.009584664536741214
2021-03-01,15,4,313,0.012779552715654952
2021-03-01,16,6,313,0.019169329073482427
2021-03-01,17,4,313,0.012779552715654952
2021-03-01,18,1,313,0.003194888178913738
2021-03-01,19,1,313,0.003194888178913738
2021-03-01,20,3,313,0.009584664536741214
2021-03-01,21,4,313,0.012779552715654952
2021-03-01,22,1,313,0.003194888178913738
2021-03-01,23,1,313,0.003194888178913738
2021-03-01,24,5,313,0.01597444089456869
2021-03-01,25,1,313,0.003194888178913738
2021-03-01,27,2,313,0.006389776357827476
2021-03-01,28,2,313,0.006389776357827476
2021-03-01,29,2,313,0.006389776357827476
2021-03-01,30,5,313,0.01597444089456869
2021-03-01,31,2,313,0.006389776357827476
2021-03-01,32,4,313,0.012779552715654952
2021-03-01,33,7,313,0.022364217252396165
2021-03-01,34,3,313,0.009584664536741214
2021-03-01,35,3,313,0.009584664536741214
2021-03-01,36,2,313,0.006389776357827476
2021-03-01,37,4,313,0.012779552715654952
2021-03-01,38,4,313,0.012779552715654952
2021-03-01,39,5,313,0.01597444089456869
2021-03-01,40,6,313,0.019169329073482427
2021-03-01,41,6,313,0.019169329073482427
2021-03-01,42,1,313,0.003194888178913738
2021-03-01,43,2,313,0.006389776357827476
2021-03-01,44,2,313,0.006389776357827476
2021-03-01,45,3,313,0.009584664536741214
2021-03-01,46,2,313,0.006389776357827476
2021-03-01,48,4,313,0.012779552715654952
2021-03-01,49,2,313,0.006389776357827476
2021-03-01,50,5,313,0.01597444089456869
2021-03-01,51,3,313,0.009584664536741214
2021-03-01,52,2,313,0.006389776357827476
2021-03-01,53,2,313,0.006389776357827476
2021-03-01,54,4,313,0.012779552715654952
2021-03-01,55,5,313,0.01597444089456869
2021-03-01,56,2,313,0.006389776357827476
2021-03-01,57,4,313,0.012779552715654952
2021-03-01,58,3,313,0.009584664536741214
2021-03-01,59,4,313,0.012779552715654952
2021-03-01,60,2,313,0.006389776357827476
2021-03-01,61,3,313,0.009584664536741214
2021-03-01,62,7,313,0.022364217252396165
2021-03-01,63,6,313,0.019169329073482427
2021-03-01,64,5,313,0.01597444089456869
2021-03-01,65,1,313,0.003194888178913738
2021-04-01,0,370,370,1.0
2021-04-01,1,16,370,0.043243243243243246
2021-04-01,2,4,370,0.010810810810810811
2021-04-01,3,5,370,0.013513513513513514
2021-04-01,4,9,370,0.024324324324324326
2021-04-01,5,4,370,0.010810810810810811
2021-04-01,6,4,370,0.010810810810810811
2021-04-01,7,3,370,0.008108108108108109
2021-04-01,8,6,370,0.016216216216216217
2021-04-01,9,3,370,0.008108108108108109
2021-04-01,10,5,370,0.013513513513513514
2021-04-01,11,4,370,0.010810810810810811
2021-04-01,12,3,370,0.008108108108108109
2021-04-01,13,7,370,0.01891891891891892
2021-04-01,14,2,370,0.005405405405405406
2021-04-01,15,3,370,0.008108108108108109
2021-04-01,16,5,370,0.013513513513513514
2021-04-01,17,6,370,0.016216216216216217
2021-04-01,18,1,370,0.002702702702702703
2021-04-01,19,1,370,0.002702702702702703
2021-04-01,20,5,370,0.013513513513513514
2021-04-01,21,5,370,0.013513513513513514
2021-04-01,22,1,370,0.002702702702702703
2021-04-01,23,5,370,0.013513513513513514
2021-04-01,24,9,370,0.024324324324324326
2021-04-01,25,4,370,0.010810810810810811
2021-04-01,26,4,370,0.010810810810810811
2021-04-01,27,2,370,0.005405405405405406
2021-04-01,28,3,370,0.008108108108108109
2021-04-01,29,3,370,0.008108108108108109
2021-04-01,30,1,370,0.002702702702702703
2021-04-01,31,9,370,0.024324324324324326
2021-04-01,32,3,370,0.008108108108108109
2021-04-01,33,3,370,0.008108108108108109
2021-04-01,34,6,370,0.016216216216216217
2021-04-01,35,6,370,0.016216216216216217
2021-04-01,36,3,370,0.008108108108108109
2021-04-01,37,4,370,0.010810810810810811
2021-04-01,38,4,370,0.010810810810810811
2021-04-01,39,9,370,0.024324324324324326
2021-04-01,40,4,370,0.010810810810810811
2021-04-01,41,6,370,0.016216216216216217
2021-04-01,42,6,370,0.016216216216216217
2021-04-01,43,7,370,0.01891891891891892
2021-04-01,44,5,370,0.013513513513513514
2021-04-01,45,2,370,0.005405405405405406
2021-04-01,46,6,370,0.016216216216216217
2021-04-01,47,2,370,0.005405405405405406
2021-04-01,48,5,370,0.013513513513513514
2021-04-01,49,3,370,0.008108108108108109
2021-04-01,50,4,370,0.010810810810810811
2021-04-01,51,2,370,0.005405405405405406
2021-04-01,52,5,370,0.013513513513513514
2021-04-01,53,5,370,0.013513513513513514
2021-04-01,54,2,370,0.005405405405405406
2021-04-01,55,3,370,0.008108108108108109
2021-04-01,56,10,370,0.02702702702702703
2021-04-01,57,4,370,0.010810810810810811
2021-04-01,58,6,370,0.016216216216216217
2021-04-01,59,3,370,0.008108108108108109
2021-04-01,60,2,370,0.005405405405405406
2021-04-01,61,4,370,0.010810810810810811
2021-04-01,62,5,370,0.013513513513513514
2021-04-01,63,6,370,0.016216216216216217
2021-04-01,64,5,370,0.013513513513513514
2021-05-01,0,413,413,1.0
2021-05-01,1,11,413,0.026634382566585957
2021-05-01,2,4,413,0.009685230024213076
2021-05-01,3,6,413,0.014527845036319613
2021-05-01,4,4,413,0.009685230024213076
2021-05-01,5,3,413,0.007263922518159807
2021-05-01,6,5,413,0.012106537530266344
2021-05-01,7,4,413,0.009685230024213076
2021-05-01,8,7,413,0.01694915254237288
2021-05-01,9,2,413,0.004842615012106538
2021-05-01,10,2,413,0.004842615012106538
2021-05-01,11,5,413,0.012106537530266344
2021-05-01,12,5,413,0.012106537530266344
2021-05-01,13,3,413,0.007263922518159807
2021-05-01,14,3,413,0.007263922518159807
2021-05-01,15,5,413,0.012106537530266344
2021-05-01,16,7,413,0.01694915254237288
2021-05-01,17,2,413,0.004842615012106538
2021-05-01,18,7,413,0.01694915254237288
2021-05-01,19,7,413,0.01694915254237288
2021-05-01,20,5,413,0.012106537530266344
2021-05-01,21,2,413,0.004842615012106538
2021-05-01,22,3,413,0.007263922518159807
2021-05-01,23,3,413,0.007263922518159807
2021-05-01,24,4,413,0.009685230024213076
2021-05-01,25,4,413,0.009685230024213076
2021-05-01,26,2,413,0.004842615012106538
2021-05-01,27,5,413,0.012106537530266344
2021-05-01,28,6,413,0.014527845036319613
2021-05-01,29,5,413,0.012106537530266344
2021-05-01,30,5,413,0.012106537530266344
2021-05-01,31,2,413,0.004842615012106538
2021-05-01,32,4,413,0.009685230024213076
2021-05-01,33,8,413,0.01937046004842615
2021-05-01,34,3,413,0.007263922518159807
2021-05-01,35,2,413,0.004842615012106538
2021-05-01,36,5,413,0.012106537530266344
2021-05-01,37,3,413,0.007263922518159807
2021-05-01,38,4,413,0.009685230024213076
2021-05-01,39,3,413,0.007263922518159807
2021-05-01,40,2,413,0.004842615012106538
2021-05-01,41,7,413,0.01694915254237288
2021-05-01,42,2,413,0.004842615012106538
2021-05-01,43,6,413,0.014527845036319613
2021-05-01,44,3,413,0.007263922518159807
2021-05-01,45,7,413,0.01694915254237288
2021-05-01,46,6,413,0.014527845036319613
2021-05-01,47,4,413,0.009685230024213076
2021-05-01,48,5,413,0.012106537530266344
2021-05-01,49,7,413,0.01694915254237288
2021-05-01,50,4,413,0.009685230024213076
2021-05-01,51,7,413,0.01694915254237288
2021-05-01,52,4,413,0.009685230024213076
2021-05-01,53,3,413,0.007263922518159807
2021-05-01,54,3,413,0.007263922518159807
2021-05-01,55,4,413,0.009685230024213076
2021-05-01,56,8,413,0.01937046004842615
2021-05-01,57,3,413,0.007263922518159807
2021-05-01,58,2,413,0.004842615012106538
2021-05-01,59,5,413,0.012106537530266344
2021-05-01,60,5,413,0.012106537530266344
2021-05-01,61,3,413,0.007263922518159807
2021-05-01,62,4,413,0.009685230024213076
2021-05-01,63,5,413,0.012106537530266344
2021-06-01,0,362,362,1.0
2021-06-01,1,12,362,0.03314917127071823
2021-06-01,2,2,362,0.0055248618784530384
2021-06-01,3,4,362,0.011049723756906077
2021-06-01,4,4,362,0.011049723756906077
2021-06-01,5,5,362,0.013812154696132596
2021-06-01,6,3,362,0.008287292817679558
2021-06-01,7,5,362,0.013812154696132596
2021-06-01,8,4,362,0.011049723756906077
2021-06-01,9,6,362,0.016574585635359115
2021-06-01,10,1,362,0.0027624309392265192
2021-06-01,11,7,362,0.019337016574585635
2021-06-01,12,3,362,0.008287292817679558
2021-06-01,13,5,362,0.013812154696132596
2021-06-01,14,8,362,0.022099447513812154
2021-06-01,15,9,362,0.024861878453038673
2021-06-01,16,4,362,0.011049723756906077
2021-06-01,17,2,362,0.0055248618784530384
2021-06-01,18,5,362,0.013812154696132596
2021-06-01,20,4,362,0.011049723756906077
2021-06-01,21,1,362,0.0027624309392265192
2021-06-01,22,2,362,0.0055248618784530384
2021-06-01,23,2,362,0.0055248618784530384
2021-06-01,24,5,362,0.013812154696132596
2021-06-01,25,2,362,0.0055248618784530384
2021-06-01,26,4,362,0.011049723756906077
2021-06-01,27,8,362,0.022099447513812154
2021-06-01,28,3,362,0.008287292817679558
2021-06-01,29,5,362,0.013812154696132596
2021-06-01,30,3,362,0.008287292817679558
2021-06-01,31,5,362,0.013812154696132596
2021-06-01,32,5,362,0.013812154696132596
2021-06-01,33,5,362,0.013812154696132596
2021-06-01,34,1,362,0.0027624309392265192
2021-06-01,35,1,362,0.0027624309392265192
2021-06-01,36,3,362,0.008287292817679558
2021-06-01,37,5,362,0.013812154696132596
2021-06-01,38,3,362,0.008287292817679558
2021-06-01,39,4,362,0.011049723756906077
2021-06-01,40,4,362,0.011049723756906077
2021-06-01,41,6,362,0.016574585635359115
2021-06-01,42,4,362,0.011049723756906077
2021-06-01,43,4,362,0.011049723756906077
2021-06-01,44,6,362,0.016574585635359115
2021-06-01,45,4,362,0.011049723756906077
2021-06-01,46,4,362,0.011049723756906077
2021-06-01,47,5,362,0.013812154696132596
2021-06-01,48,1,362,0.0027624309392265192
2021-06-01,49,5,362,0.013812154696132596
2021-06-01,50,5,362,0.013812154696132596
2021-06-01,51,5,362,0.013812154696132596
2021-06-01,52,7,362,0.019337016574585635
2021-06-01,53,3,362,0.008287292817679558
2021-06-01,54,5,362,0.013812154696132596
2021-06-01,55,1,362,0.0027624309392265192
2021-06-01,56,3,362,0.008287292817679558
2021-06-01,57,6,362,0.016574585635359115
2021-06-01,58,4,362,0.011049723756906077
2021-06-01,59,5,362,0.013812154696132596
2021-06-01,60,2,362,0.0055248618784530384
2021-06-01,61,5,362,0.013812154696132596
2021-06-01,62,4,362,0.011049723756906077
2021-07-01,0,427,427,1.0
2021-07-01,1,12,427,0.02810304449648712
2021-07-01,2,4,427,0.00936768149882904
2021-07-01,3,3,427,0.00702576112412178
2021-07-01,4,5,427,0.0117096018735363
2021-07-01,5,9,427,0.02107728337236534
2021-07-01,6,2,427,0.00468384074941452
2021-07-01,7,2,427,0.00468384074941452
2021-07-01,8,9,427,0.02107728337236534
2021-07-01,9,4,427,0.00936768149882904
2021-07-01,10,3,427,0.00702576112412178
2021-07-01,11,5,427,0.0117096018735363
2021-07-01,12,5,427,0.0117096018735363
2021-07-01,13,1,427,0.00234192037470726
2021-07-01,14,5,427,0.0117096018735363
2021-07-01,15,6,427,0.01405152224824356
2021-07-01,16,3,427,0.00702576112412178
2021-07-01,17,7,427,0.01639344262295082
2021-07-01,18,6,427,0.01405152224824356
2021-07-01,19,8,427,0.01873536299765808
2021-07-01,20,5,427,0.0117096018735363
2021-07-01,21,5,427,0.0117096018735363
2021-07-01,22,7,427,0.01639344262295082
2021-07-01,24,2,427,0.00468384074941452
2021-07-01,25,4,427,0.00936768149882904
2021-07-01,26,8,427,0.01873536299765808
2021-07-01,27,7,427,0.01639344262295082
2021-07-01,28,8,427,0.01873536299765808
2021-07-01,29,4,427,0.00936768149882904
2021-07-01,30,2,427,0.00468384074941452
2021-07-01,31,7,427,0.01639344262295082
2021-07-01,32,7,427,0.01639344262295082
2021-07-01,33,4,427,0.00936768149882904
2021-07-01,34,6,427,0.01405152224824356
2021-07-01,35,3,427,0.00702576112412178
2021-07-01,36,6,427,0.01405152224824356
2021-07-01,37,6,427,0.01405152224824356
2021-07-01,38,8,427,0.01873536299765808
2021-07-01,39,3,427,0.00702576112412178
2021-07-01,40,7,427,0.01639344262295082
2021-07-01,41,6,427,0.01405152224824356
2021-07-01,42,3,427,0.00702576112412178
2021-07-01,43,4,427,0.00936768149882904
2021-07-01,44,7,427,0.01639344262295082
2021-07-01,45,1,427,0.00234192037470726
2021-07-01,46,6,427,0.01405152224824356
2021-07-01,47,3,427,0.00702576112412178
2021-07-01,48,6,427,0.01405152224824356
2021-07-01,49,9,427,0.02107728337236534
2021-07-01,50,6,427,0.01405152224824356
2021-07-01,51,4,427,0.00936768149882904
2021-07-01,52,9,427,0.02107728337236534
2021-07-01,53,8,427,0.01873536299765808
2021-07-01,54,2,427,0.00468384074941452
2021-07-01,55,5,427,0.0117096018735363
2021-07-01,56,7,427,0.01639344262295082
2021-07-01,57,7,427,0.01639344262295082
2021-07-01,58,4,427,0.00936768149882904
2021-07-01,59,7,427,0.01639344262295082
2021-07-01,60,4,427,0.00936768149882904
2021-07-01,61,2,427,0.00468384074941452
2021-08-01,0,413,413,1.0
2021-08-01,1,13,413,0.031476997578692496
2021-08-01,2,3,413,0.007263922518159807
2021-08-01,3,7,413,0.01694915254237288
2021-08-01,4,5,413,0.012106537530266344
2021-08-01,5,3,413,0.007263922518159807
2021-08-01,6,1,413,0.002421307506053269
2021-08-01,7,7,413,0.01694915254237288
2021-08-01,8,2,413,0.004842615012106538
2021-08-01,9,6,413,0.014527845036319613
2021-08-01,10,9,413,0.021791767554479417
2021-08-01,11,5,413,0.012106537530266344
2021-08-01,12,2,413,0.004842615012106538
2021-08-01,13,4,413,0.009685230024213076
2021-08-01,14,4,413,0.009685230024213076
2021-08-01,15,1,413,0.002421307506053269
2021-08-01,16,2,413,0.004842615012106538
2021-08-01,17,2,413,0.004842615012106538
2021-08-01,18,4,413,0.009685230024213076
2021-08-01,19,3,413,0.007263922518159807
2021-08-01,20,4,413,0.009685230024213076
2021-08-01,21,6,413,0.014527845036319613
2021-08-01,22,3,413,0.007263922518159807
2021-08-01,23,4,413,0.009685230024213076
2021-08-01,24,3,413,0.007263922518159807
2021-08-01,25,5,413,0.012106537530266344
2021-08-01,26,11,413,0.026634382566585957
2021-08-01,27,3,413,0.007263922518159807
2021-08-01,28,4,413,0.009685230024213076
2021-08-01,29,1,413,0.002421307506053269
2021-08-01,30,5,413,0.012106537530266344
2021-08-01,31,6,413,0.014527845036319613
2021-08-01,32,6,413,0.014527845036319613
2021-08-01,33,5,413,0.012106537530266344
2021-08-01,34,2,413,0.004842615012106538
2021-08-01,35,3,413,0.007263922518159807
2021-08-01,36,6,413,0.014527845036319613
2021-08-01,37,10,413,0.024213075060532687
2021-08-01,38,3,413,0.007263922518159807
2021-08-01,39,4,413,0.009685230024213076
2021-08-01,40,3,413,0.007263922518159807
2021-08-01,41,3,413,0.007263922518159807
2021-08-01,42,3,413,0.007263922518159807
2021-08-01,43,3,413,0.007263922518159807
2021-08-01,44,4,413,0.009685230024213076
2021-08-01,45,8,413,0.01937046004842615
2021-08-01,46,6,413,0.014527845036319613
2021-08-01,47,8,413,0.01937046004842615
2021-08-01,48,6,413,0.014527845036319613
2021-08-01,49,9,413,0.021791767554479417
2021-08-01,50,4,413,0.009685230024213076
2021-08-01,51,2,413,0.004842615012106538
2021-08-01,52,4,413,0.009685230024213076
2021-08-01,53,4,413,0.009685230024213076
2021-08-01,54,1,413,0.002421307506053269
2021-08-01,55,3,413,0.007263922518159807
2021-08-01,56,3,413,0.007263922518159807
2021-08-01,57,3,413,0.007263922518159807
2021-08-01,58,8,413,0.01937046004842615
2021-08-01,59,3,413,0.007263922518159807
2021-08-01,60,3,413,0.007263922518159807
2021-09-01,0,412,412,1.0
2021-09-01,1,10,412,0.024271844660194174
2021-09-01,2,3,412,0.007281553398058253
2021-09-01,3,7,412,0.01699029126213592
2021-09-01,4,5,412,0.012135922330097087
2021-09-01,5,4,412,0.009708737864077669
2021-09-01,6,4,412,0.009708737864077669
2021-09-01,7,7,412,0.01699029126213592
2021-09-01,8,2,412,0.0048543689320388345
2021-09-01,9,4,412,0.009708737864077669
2021-09-01,10,6,412,0.014563106796116505
2021-09-01,11,7,412,0.01699029126213592
2021-09-01,12,6,412,0.014563106796116505
2021-09-01,13,7,412,0.01699029126213592
2021-09-01,14,6,412,0.014563106796116505
2021-09-01,15,7,412,0.01699029126213592
2021-09-01,16,5,412,0.012135922330097087
2021-09-01,17,2,412,0.0048543689320388345
2021-09-01,18,4,412,0.009708737864077669
2021-09-01,19,7,412,0.01699029126213592
2021-09-01,20,7,412,0.01699029126213592
2021-09-01,21,6,412,0.014563106796116505
2021-09-01,22,6,412,0.014563106796116505
2021-09-01,23,3,412,0.007281553398058253
2021-09-01,24,3,412,0.007281553398058253
2021-09-01,25,5,412,0.012135922330097087
2021-09-01,26,2,412,0.0048543689320388345
2021-09-01,27,3,412,0.007281553398058253
2021-09-01,28,4,412,0.009708737864077669
2021-09-01,29,3,412,0.007281553398058253
2021-09-01,30,2,412,0.0048543689320388345
2021-09-01,31,8,412,0.019417475728155338
2021-09-01,32,5,412,0.012135922330097087
2021-09-01,33,6,412,0.014563106796116505
2021-09-01,34,4,412,0.009708737864077669
2021-09-01,35,3,412,0.007281553398058253
2021-09-01,36,7,412,0.01699029126213592
2021-09-01,37,3,412,0.007281553398058253
2021-09-01,38,8,412,0.019417475728155338
2021-09-01,39,8,412,0.019417475728155338
2021-09-01,40,4,412,0.009708737864077669
2021-09-01,41,6,412,0.014563106796116505
2021-09-01,42,6,412,0.014563106796116505
2021-09-01,43,2,412,0.0048543689320388345
2021-09-01,44,8,412,0.019417475728155338
2021-09-01,45,2,412,0.0048543689320388345
2021-09-01,46,1,412,0.0024271844660194173
2021-09-01,47,1,412,0.0024271844660194173
2021-09-01,48,3,412,0.007281553398058253
2021-09-01,49,7,412,0.01699029126213592
2021-09-01,50,4,412,0.009708737864077669
2021-09-01,51,5,412,0.012135922330097087
2021-09-01,52,10,412,0.024271844660194174
2021-09-01,53,2,412,0.0048543689320388345
2021-09-01,54,3,412,0.007281553398058253
2021-09-01,55,3,412,0.007281553398058253
2021-09-01,56,7,412,0.01699029126213592
2021-09-01,57,3,412,0.007281553398058253
2021-09-01,58,5,412,0.012135922330097087
2021-09-01,59,3,412,0.007281553398058253
2021-10-01,0,414,414,1.0
2021-10-01,1,18,414,0.043478260869565216
2021-10-01,2,5,414,0.012077294685990338
2021-10-01,3,5,414,0.012077294685990338
2021-10-01,4,5,414,0.012077294685990338
2021-10-01,5,4,414,0.00966183574879227
2021-10-01,6,6,414,0.014492753623188406
2021-10-01,7,3,414,0.007246376811594203
2021-10-01,8,4,414,0.00966183574879227
2021-10-01,9,5,414,0.012077294685990338
2021-10-01,10,6,414,0.014492753623188406
2021-10-01,11,13,414,0.03140096618357488
2021-10-01,12,7,414,0.016908212560386472
2021-10-01,13,7,414,0.016908212560386472
2021-10-01,14,7,414,0.016908212560386472
2021-10-01,15,8,414,0.01932367149758454
2021-10-01,16,9,414,0.021739130434782608
2021-10-01,17,3,414,0.007246376811594203
2021-10-01,18,6,414,0.014492753623188406
2021-10-01,19,3,414,0.007246376811594203
2021-10-01,20,5,414,0.012077294685990338
2021-10-01,21,6,414,0.014492753623188406
2021-10-01,22,3,414,0.007246376811594203
2021-10-01,24,6,414,0.014492753623188406
2021-10-01,25,1,414,0.0024154589371980675
2021-10-01,26,4,414,0.00966183574879227
2021-10-01,27,3,414,0.007246376811594203
2021-10-01,28,6,414,0.014492753623188406
2021-10-01,29,4,414,0.00966183574879227
2021-10-01,30,3,414,0.007246376811594203
2021-10-01,31,3,414,0.007246376811594203
2021-10-01,32,2,414,0.004830917874396135
2021-10-01,33,3,414,0.007246376811594203
2021-10-01,34,10,414,0.024154589371980676
2021-10-01,35,5,414,0.012077294685990338
2021-10-01,36,7,414,0.016908212560386472
2021-10-01,37,5,414,0.012077294685990338
2021-10-01,38,3,414,0.007246376811594203
2021-10-01,39,5,414,0.012077294685990338
2021-10-01,40,2,414,0.004830917874396135
2021-10-01,41,2,414,0.004830917874396135
2021-10-01,42,1,414,0.0024154589371980675
2021-10-01,43,5,414,0.012077294685990338
2021-10-01,44,5,414,0.012077294685990338
2021-10-01,45,4,414,0.00966183574879227
2021-10-01,46,8,414,0.01932367149758454
2021-10-01,47,6,414,0.014492753623188406
2021-10-01,48,3,414,0.007246376811594203
2021-10-01,49,4,414,0.00966183574879227
2021-10-01,50,6,414,0.014492753623188406
2021-10-01,51,4,414,0.00966183574879227
2021-10-01,52,5,414,0.012077294685990338
2021-10-01,53,4,414,0.00966183574879227
2021-10-01,54,3,414,0.007246376811594203
2021-10-01,55,4,414,0.00966183574879227
2021-10-01,56,2,414,0.004830917874396135
2021-10-01,57,5,414,0.012077294685990338
2021-10-01,58,1,414,0.0024154589371980675
2021-11-01,0,449,449,1.0
2021-11-01,1,10,449,0.022271714922048998
2021-11-01,2,8,449,0.017817371937639197
2021-11-01,3,6,449,0.013363028953229399
2021-11-01,4,2,449,0.004454342984409799
2021-11-01,5,4,449,0.008908685968819599
2021-11-01,6,7,449,0.015590200445434299
2021-11-01,7,7,449,0.015590200445434299
2021-11-01,8,9,449,0.0200445434298441
2021-11-01,9,3,449,0.0066815144766146995
2021-11-01,10,3,449,0.0066815144766146995
2021-11-01,11,4,449,0.008908685968819599
2021-11-01,12,6,449,0.013363028953229399
2021-11-01,13,8,449,0.017817371937639197
2021-11-01,14,5,449,0.011135857461024499
2021-11-01,15,4,449,0.008908685968819599
2021-11-01,16,3,449,0.0066815144766146995
2021-11-01,17,12,449,0.026726057906458798
2021-11-01,18,5,449,0.011135857461024499
2021-11-01,19,4,449,0.008908685968819599
2021-11-01,20,9,449,0.0200445434298441
2021-11-01,21,5,449,0.011135857461024499
2021-11-01,22,7,449,0.015590200445434299
2021-11-01,23,1,449,0.0022271714922048997
2021-11-01,24,3,449,0.0066815144766146995
2021-11-01,25,6,449,0.013363028953229399
2021-11-01,26,3,449,0.0066815144766146995
2021-11-01,27,8,449,0.017817371937639197
2021-11-01,28,6,449,0.013363028953229399
2021-11-01,29,8,449,0.017817371937639197
2021-11-01,30,7,449,0.015590200445434299
2021-11-01,31,7,449,0.015590200445434299
2021-11-01,32,6,449,0.013363028953229399
2021-11-01,33,4,449,0.008908685968819599
2021-11-01,34,6,449,0.013363028953229399
2021-11-01,35,5,449,0.011135857461024499
2021-11-01,36,10,449,0.022271714922048998
2021-11-01,37,4,449,0.008908685968819599
2021-11-01,38,8,449,0.017817371937639197
2021-11-01,39,6,449,0.013363028953229399
2021-11-01,40,5,449,0.011135857461024499
2021-11-01,41,5,449,0.011135857461024499
2021-11-01,42,11,449,0.024498886414253896
2021-11-01,43,2,449,0.004454342984409799
2021-11-01,44,6,449,0.013363028953229399
2021-11-01,45,8,449,0.017817371937639197
2021-11-01,46,4,449,0.008908685968819599
2021-11-01,47,10,449,0.022271714922048998
2021-11-01,48,4,449,0.008908685968819599
2021-11-01,49,3,449,0.0066815144766146995
2021-11-01,50,8,449,0.017817371937639197
2021-11-01,51,8,449,0.017817371937639197
2021-11-01,52,5,449,0.011135857461024499
2021-11-01,53,6,449,0.013363028953229399
2021-11-01,54,9,449,0.0200445434298441
2021-11-01,55,3,449,0.0066815144766146995
2021-11-01,56,6,449,0.013363028953229399
2021-11-01,57,5,449,0.011135857461024499
2021-12-01,0,481,481,1.0
2021-12-01,1,12,481,0.02494802494802495
2021-12-01,2,6,481,0.012474012474012475
2021-12-01,3,6,481,0.012474012474012475
2021-12-01,4,8,481,0.016632016632016633
2021-12-01,5,3,481,0.006237006237006237
2021-12-01,6,5,481,0.010395010395010396
2021-12-01,7,9,481,0.018711018711018712
2021-12-01,8,2,481,0.004158004158004158
2021-12-01,9,8,481,0.016632016632016633
2021-12-01,10,4,481,0.008316008316008316
2021-12-01,11,3,481,0.006237006237006237
2021-12-01,12,6,481,0.012474012474012475
2021-12-01,13,4,481,0.008316008316008316
2021-12-01,14,7,481,0.014553014553014554
2021-12-01,15,7,481,0.014553014553014554
2021-12-01,16,3,481,0.006237006237006237
2021-12-01,17,4,481,0.008316008316008316
2021-12-01,18,9,481,0.018711018711018712
2021-12-01,19,13,481,0.02702702702702703
2021-12-01,20,4,481,0.008316008316008316
2021-12-01,21,5,481,0.010395010395010396
2021-12-01,22,5,481,0.010395010395010396
2021-12-01,23,5,481,0.010395010395010396
2021-12-01,24,7,481,0.014553014553014554
2021-12-01,25,4,481,0.008316008316008316
2021-12-01,26,4,481,0.008316008316008316
2021-12-01,27,6,481,0.012474012474012475
2021-12-01,28,9,481,0.018711018711018712
2021-12-01,29,7,481,0.014553014553014554
2021-12-01,30,10,481,0.02079002079002079
2021-12-01,31,8,481,0.016632016632016633
2021-12-01,32,8,481,0.016632016632016633
2021-12-01,33,8,481,0.016632016632016633
2021-12-01,34,8,481,0.016632016632016633
2021-12-01,35,4,481,0.008316008316008316
2021-12-01,36,4,481,0.008316008316008316
2021-12-01,37,5,481,0.010395010395010396
2021-12-01,38,5,481,0.010395010395010396
2021-12-01,39,6,481,0.012474012474012475
2021-12-01,40,6,481,0.012474012474012475
2021-12-01,41,6,481,0.012474012474012475
2021-12-01,42,4,481,0.008316008316008316
2021-12-01,43,6,481,0.012474012474012475
2021-12-01,44,7,481,0.014553014553014554
2021-12-01,45,9,481,0.018711018711018712
2021-12-01,46,5,481,0.010395010395010396
2021-12-01,47,7,481,0.014553014553014554
2021-12-01,48,6,481,0.012474012474012475
2021-12-01,49,7,481,0.014553014553014554
2021-12-01,50,10,481,0.02079002079002079
2021-12-01,51,4,481,0.008316008316008316
2021-12-01,52,7,481,0.014553014553014554
2021-12-01,53,3,481,0.006237006237006237
2021-12-01,54,8,481,0.016632016632016633
2021-12-01,55,7,481,0.014553014553014554
2021-12-01,56,5,481,0.010395010395010396
2022-01-01,0,502,502,1.0
2022-01-01,1,13,502,0.025896414342629483
2022-01-01,2,5,502,0.0099601593625498
2022-01-01,3,6,502,0.01195219123505976
2022-01-01,4,7,502,0.013944223107569721
2022-01-01,5,6,502,0.01195219123505976
2022-01-01,6,8,502,0.01593625498007968
2022-01-01,7,10,502,0.0199203187250996
2022-01-01,8,6,502,0.01195219123505976
2022-01-01,9,3,502,0.00597609561752988
2022-01-01,10,2,502,0.00398406374501992
2022-01-01,11,6,502,0.01195219123505976
2022-01-01,12,5,502,0.0099601593625498
2022-01-01,13,5,502,0.0099601593625498
2022-01-01,14,2,502,0.00398406374501992
2022-01-01,15,4,502,0.00796812749003984
2022-01-01,16,9,502,0.017928286852589643
2022-01-01,17,3,502,0.00597609561752988
2022-01-01,18,9,502,0.017928286852589643
2022-01-01,19,5,502,0.0099601593625498
2022-01-01,20,2,502,0.00398406374501992
2022-01-01,21,5,502,0.0099601593625498
2022-01-01,22,2,502,0.00398406374501992
2022-01-01,23,5,502,0.0099601593625498
2022-01-01,24,8,502,0.01593625498007968
2022-01-01,25,6,502,0.01195219123505976
2022-01-01,26,3,502,0.00597609561752988
2022-01-01,27,8,502,0.01593625498007968
2022-01-01,28,3,502,0.00597609561752988
2022-01-01,29,7,502,0.013944223107569721
2022-01-01,30,3,502,0.00597609561752988
2022-01-01,31,4,502,0.00796812749003984
2022-01-01,32,13,502,0.025896414342629483
2022-01-01,33,6,502,0.01195219123505976
2022-01-01,34,5,502,0.0099601593625498
2022-01-01,35,7,502,0.013944223107569721
2022-01-01,36,9,502,0.017928286852589643
2022-01-01,37,6,502,0.01195219123505976
2022-01-01,38,7,502,0.013944223107569721
2022-01-01,39,10,502,0.0199203187250996
2022-01-01,40,6,502,0.01195219123505976
2022-01-01,41,4,502,0.00796812749003984
2022-01-01,42,8,502,0.01593625498007968
2022-01-01,43,6,502,0.01195219123505976
2022-01-01,44,10,502,0.0199203187250996
2022-01-01,45,2,502,0.00398406374501992
2022-01-01,46,4,502,0.00796812749003984
2022-01-01,47,6,502,0.01195219123505976
2022-01-01,48,5,502,0.0099601593625498
2022-01-01,49,3,502,0.00597609561752988
2022-01-01,50,7,502,0.013944223107569721
2022-01-01,51,9,502,0.017928286852589643
2022-01-01,52,10,502,0.0199203187250996
2022-01-01,53,2,502,0.00398406374501992
2022-01-01,54,3,502,0.00597609561752988
2022-01-01,55,5,502,0.0099601593625498
2022-02-01,0,453,453,1.0
2022-02-01,1,14,453,0.03090507726269316
2022-02-01,2,8,453,0.017660044150110375
2022-02-01,3,8,453,0.017660044150110375
2022-02-01,4,6,453,0.013245033112582781
2022-02-01,5,7,453,0.01545253863134658
2022-02-01,6,6,453,0.013245033112582781
2022-02-01,7,6,453,0.013245033112582781
2022-02-01,8,2,453,0.004415011037527594
2022-02-01,9,7,453,0.01545253863134658
2022-02-01,10,4,453,0.008830022075055188
2022-02-01,11,7,453,0.01545253863134658
2022-02-01,12,6,453,0.013245033112582781
2022-02-01,13,10,453,0.02207505518763797
2022-02-01,14,5,453,0.011037527593818985
2022-02-01,15,5,453,0.011037527593818985
2022-02-01,16,5,453,0.011037527593818985
2022-02-01,17,4,453,0.008830022075055188
2022-02-01,18,5,453,0.011037527593818985
2022-02-01,19,7,453,0.01545253863134658
2022-02-01,20,3,453,0.006622516556291391
2022-02-01,21,4,453,0.008830022075055188
2022-02-01,22,10,453,0.02207505518763797
2022-02-01,24,4,453,0.008830022075055188
2022-02-01,25,5,453,0.011037527593818985
2022-02-01,26,6,453,0.013245033112582781
2022-02-01,27,5,453,0.011037527593818985
2022-02-01,28,7,453,0.01545253863134658
2022-02-01,29,7,453,0.01545253863134658
2022-02-01,30,10,453,0.02207505518763797
2022-02-01,31,7,453,0.01545253863134658
2022-02-01,32,4,453,0.008830022075055188
2022-02-01,33,3,453,0.006622516556291391
2022-02-01,34,2,453,0.004415011037527594
2022-02-01,35,8,453,0.017660044150110375
2022-02-01,36,4,453,0.008830022075055188
2022-02-01,37,9,453,0.019867549668874173
2022-02-01,38,6,453,0.013245033112582781
2022-02-01,39,5,453,0.011037527593818985
2022-02-01,40,5,453,0.011037527593818985
2022-02-01,41,2,453,0.004415011037527594
2022-02-01,42,7,453,0.01545253863134658
2022-02-01,43,5,453,0.011037527593818985
2022-02-01,44,9,453,0.019867549668874173
2022-02-01,45,7,453,0.01545253863134658
2022-02-01,46,7,453,0.01545253863134658
2022-02-01,47,6,453,0.013245033112582781
2022-02-01,48,6,453,0.013245033112582781
2022-02-01,49,4,453,0.008830022075055188
2022-02-01,50,11,453,0.024282560706401765
2022-02-01,51,6,453,0.013245033112582781
2022-02-01,52,3,453,0.006622516556291391
2022-02-01,53,4,453,0.008830022075055188
2022-02-01,54,5,453,0.011037527593818985
2022-03-01,0,533,533,1.0
2022-03-01,1,17,533,0.03189493433395872
2022-03-01,2,9,533,0.016885553470919325
2022-03-01,3,5,533,0.009380863039399626
2022-03-01,4,8,533,0.0150093808630394
2022-03-01,5,11,533,0.020637898686679174
2022-03-01,6,10,533,0.01876172607879925
2022-03-01,7,8,533,0.0150093808630394
2022-03-01,8,7,533,0.013133208255159476
2022-03-01,9,7,533,0.013133208255159476
2022-03-01,10,10,533,0.01876172607879925
2022-03-01,11,5,533,0.009380863039399626
2022-03-01,12,7,533,0.013133208255159476
2022-03-01,13,8,533,0.0150093808630394
2022-03-01,14,7,533,0.013133208255159476
2022-03-01,15,4,533,0.0075046904315197
2022-03-01,16,6,533,0.01125703564727955
2022-03-01,17,10,533,0.01876172607879925
2022-03-01,18,5,533,0.009380863039399626
2022-03-01,19,5,533,0.009380863039399626
2022-03-01,20,7,533,0.013133208255159476
2022-03-01,21,5,533,0.009380863039399626
2022-03-01,22,6,533,0.01125703564727955
2022-03-01,23,10,533,0.01876172607879925
2022-03-01,24,7,533,0.013133208255159476
2022-03-01,25,6,533,0.01125703564727955
2022-03-01,26,2,533,0.00375234521575985
2022-03-01,27,4,533,0.0075046904315197
2022-03-01,28,7,533,0.013133208255159476
2022-03-01,29,9,533,0.016885553470919325
2022-03-01,30,11,533,0.020637898686679174
2022-03-01,31,8,533,0.0150093808630394
2022-03-01,32,9,533,0.016885553470919325
2022-03-01,33,10,533,0.01876172607879925
2022-03-01,34,4,533,0.0075046904315197
2022-03-01,35,5,533,0.009380863039399626
2022-03-01,36,5,533,0.009380863039399626
2022-03-01,37,9,533,0.016885553470919325
2022-03-01,38,2,533,0.00375234521575985
2022-03-01,39,3,533,0.005628517823639775
2022-03-01,40,9,533,0.016885553470919325
2022-03-01,41,5,533,0.009380863039399626
2022-03-01,42,8,533,0.0150093808630394
2022-03-01,43,9,533,0.016885553470919325
2022-03-01,44,7,533,0.013133208255159476
2022-03-01,45,10,533,0.01876172607879925
2022-03-01,46,10,533,0.01876172607879925
2022-03-01,47,8,533,0.0150093808630394
2022-03-01,48,10,533,0.01876172607879925
2022-03-01,49,5,533,0.009380863039399626
2022-03-01,50,6,533,0.01125703564727955
2022-03-01,51,9,533,0.016885553470919325
2022-03-01,52,7,533,0.013133208255159476
2022-03-01,53,9,533,0.016885553470919325
2022-04-01,0,550,550,1.0
2022-04-01,1,19,550,0.034545454545454546
2022-04-01,2,5,550,0.00909090909090909
2022-04-01,3,10,550,0.01818181818181818
2022-04-01,4,3,550,0.005454545454545455
2022-04-01,5,2,550,0.0036363636363636364
2022-04-01,6,4,550,0.007272727272727273
2022-04-01,7,3,550,0.005454545454545455
2022-04-01,8,8,550,0.014545454545454545
2022-04-01,9,6,550,0.01090909090909091
2022-04-01,10,4,550,0.007272727272727273
2022-04-01,11,4,550,0.007272727272727273
2022-04-01,12,5,550,0.00909090909090909
2022-04-01,13,6,550,0.01090909090909091
2022-04-01,14,3,550,0.005454545454545455
2022-04-01,15,7,550,0.012727272727272728
2022-04-01,16,7,550,0.012727272727272728
2022-04-01,17,6,550,0.01090909090909091
2022-04-01,18,12,550,0.02181818181818182
2022-04-01,19,7,550,0.012727272727272728
2022-04-01,20,8,550,0.014545454545454545
2022-04-01,21,10,550,0.01818181818181818
2022-04-01,22,7,550,0.012727272727272728
2022-04-01,23,11,550,0.02
2022-04-01,24,6,550,0.01090909090909091
2022-04-01,25,11,550,0.02
2022-04-01,26,8,550,0.014545454545454545
2022-04-01,27,5,550,0.00909090909090909
2022-04-01,28,9,550,0.016363636363636365
2022-04-01,29,3,550,0.005454545454545455
2022-04-01,30,7,550,0.012727272727272728
2022-04-01,31,2,550,0.0036363636363636364
2022-04-01,32,8,550,0.014545454545454545
2022-04-01,33,6,550,0.01090909090909091
2022-04-01,34,4,550,0.007272727272727273
2022-04-01,35,8,550,0.014545454545454545
2022-04-01,36,7,550,0.012727272727272728
2022-04-01,37,8,550,0.014545454545454545
2022-04-01,38,5,550,0.00909090909090909
2022-04-01,39,4,550,0.007272727272727273
2022-04-01,40,6,550,0.01090909090909091
2022-04-01,41,4,550,0.007272727272727273
2022-04-01,42,2,550,0.0036363636363636364
2022-04-01,43,7,550,0.012727272727272728
2022-04-01,44,5,550,0.00909090909090909
2022-04-01,45,5,550,0.00909090909090909
2022-04-01,46,3,550,0.005454545454545455
2022-04-01,47,5,550,0.00909090909090909
2022-04-01,48,9,550,0.016363636363636365
2022-04-01,49,3,550,0.005454545454545455
2022-04-01,50,6,550,0.01090909090909091
2022-04-01,51,9,550,0.016363636363636365
2022-04-01,52,4,550,0.007272727272727273
2022-05-01,0,512,512,1.0
2022-05-01,1,16,512,0.03125
2022-05-01,2,6,512,0.01171875
2022-05-01,3,5,512,0.009765625
2022-05-01,4,4,512,0.0078125
2022-05-01,5,5,512,0.009765625
2022-05-01,6,4,512,0.0078125
2022-05-01,7,5,512,0.009765625
2022-05-01,8,7,512,0.013671875
2022-05-01,9,7,512,0.013671875
2022-05-01,10,7,512,0.013671875
2022-05-01,11,6,512,0.01171875
2022-05-01,12,9,512,0.017578125
2022-05-01,13,9,512,0.017578125
2022-05-01,14,6,512,0.01171875
2022-05-01,15,6,512,0.01171875
2022-05-01,16,10,512,0.01953125
2022-05-01,17,9,512,0.017578125
2022-05-01,18,4,512,0.0078125
2022-05-01,19,7,512,0.013671875
2022-05-01,20,5,512,0.009765625
2022-05-01,21,6,512,0.01171875
2022-05-01,22,6,512,0.01171875
2022-05-01,23,12,512,0.0234375
2022-05-01,24,7,512,0.013671875
2022-05-01,25,8,512,0.015625
2022-05-01,26,4,512,0.0078125
2022-05-01,27,9,512,0.017578125
2022-05-01,28,3,512,0.005859375
2022-05-01,29,8,512,0.015625
2022-05-01,30,6,512,0.01171875
2022-05-01,31,9,512,0.017578125
2022-05-01,32,9,512,0.017578125
2022-05-01,33,7,512,0.013671875
2022-05-01,34,8,512,0.015625
2022-05-01,35,7,512,0.013671875
2022-05-01,36,7,512,0.013671875
2022-05-01,37,10,512,0.01953125
2022-05-01,38,12,512,0.0234375
2022-05-01,39,6,512,0.01171875
2022-05-01,40,4,512,0.0078125
2022-05-01,41,4,512,0.0078125
2022-05-01,42,5,512,0.009765625
2022-05-01,43,7,512,0.013671875
2022-05-01,44,6,512,0.01171875
2022-05-01,45,9,512,0.017578125
2022-05-01,46,8,512,0.015625
2022-05-01,47,5,512,0.009765625
2022-05-01,48,4,512,0.0078125
2022-05-01,49,4,512,0.0078125
2022-05-01,50,15,512,0.029296875
2022-05-01,51,7,512,0.013671875
2022-06-01,0,579,579,1.0
2022-06-01,1,15,579,0.025906735751295335
2022-06-01,2,6,579,0.010362694300518135
2022-06-01,3,8,579,0.013816925734024179
2022-06-01,4,5,579,0.008635578583765112
2022-06-01,5,10,579,0.017271157167530225
2022-06-01,6,10,579,0.017271157167530225
2022-06-01,7,7,579,0.012089810017271158
2022-06-01,8,6,579,0.010362694300518135
2022-06-01,9,4,579,0.0069084628670120895
2022-06-01,10,10,579,0.017271157167530225
2022-06-01,11,5,579,0.008635578583765112
2022-06-01,12,9,579,0.015544041450777202
2022-06-01,13,11,579,0.018998272884283247
2022-06-01,14,5,579,0.008635578583765112
2022-06-01,15,3,579,0.0051813471502590676
2022-06-01,16,8,579,0.013816925734024179
2022-06-01,17,9,579,0.015544041450777202
2022-06-01,18,11,579,0.018998272884283247
2022-06-01,19,9,579,0.015544041450777202
2022-06-01,20,7,579,0.012089810017271158
2022-06-01,21,8,579,0.013816925734024179
2022-06-01,22,15,579,0.025906735751295335
2022-06-01,23,7,579,0.012089810017271158
2022-06-01,24,5,579,0.008635578583765112
2022-06-01,25,7,579,0.012089810017271158
2022-06-01,26,11,579,0.018998272884283247
2022-06-01,27,8,579,0.013816925734024179
2022-06-01,28,8,579,0.013816925734024179
2022-06-01,29,12,579,0.02072538860103627
2022-06-01,30,7,579,0.012089810017271158
2022-06-01,31,8,579,0.013816925734024179
2022-06-01,32,8,579,0.013816925734024179
2022-06-01,33,11,579,0.018998272884283247
2022-06-01,34,5,579,0.008635578583765112
2022-06-01,35,12,579,0.02072538860103627
2022-06-01,36,8,579,0.013816925734024179
2022-06-01,37,8,579,0.013816925734024179
2022-06-01,38,9,579,0.015544041450777202
2022-06-01,39,8,579,0.013816925734024179
2022-06-01,40,5,579,0.008635578583765112
2022-06-01,41,6,579,0.010362694300518135
2022-06-01,42,10,579,0.017271157167530225
2022-06-01,43,10,579,0.017271157167530225
2022-06-01,44,9,579,0.015544041450777202
2022-06-01,45,8,579,0.013816925734024179
2022-06-01,46,8,579,0.013816925734024179
2022-06-01,47,6,579,0.010362694300518135
2022-06-01,48,9,579,0.015544041450777202
2022-06-01,49,10,579,0.017271157167530225
2022-06-01,50,5,579,0.008635578583765112
2022-07-01,0,505,505,1.0
2022-07-01,1,21,505,0.041584158415841586
2022-07-01,2,6,505,0.011881188118811881
2022-07-01,3,10,505,0.019801980198019802
2022-07-01,4,6,505,0.011881188118811881
2022-07-01,5,1,505,0.0019801980198019802
2022-07-01,6,2,505,0.0039603960396039604
2022-07-01,7,5,505,0.009900990099009901
2022-07-01,8,9,505,0.01782178217821782
2022-07-01,9,9,505,0.01782178217821782
2022-07-01,10,7,505,0.013861386138613862
2022-07-01,11,7,505,0.013861386138613862
2022-07-01,12,4,505,0.007920792079207921
2022-07-01,13,15,505,0.0297029702970297
2022-07-01,14,6,505,0.011881188118811881
2022-07-01,15,6,505,0.011881188118811881
2022-07-01,16,11,505,0.02178217821782178
2022-07-01,17,8,505,0.015841584158415842
2022-07-01,18,2,505,0.0039603960396039604
2022-07-01,19,8,505,0.015841584158415842
2022-07-01,20,9,505,0.01782178217821782
2022-07-01,21,10,505,0.019801980198019802
2022-07-01,22,8,505,0.015841584158415842
2022-07-01,23,9,505,0.01782178217821782
2022-07-01,24,3,505,0.005940594059405941
2022-07-01,25,8,505,0.015841584158415842
2022-07-01,26,6,505,0.011881188118811881
2022-07-01,27,8,505,0.015841584158415842
2022-07-01,28,4,505,0.007920792079207921
2022-07-01,29,9,505,0.01782178217821782
2022-07-01,30,4,505,0.007920792079207921
2022-07-01,31,8,505,0.015841584158415842
2022-07-01,32,11,505,0.02178217821782178
2022-07-01,33,6,505,0.011881188118811881
2022-07-01,34,8,505,0.015841584158415842
2022-07-01,35,9,505,0.01782178217821782
2022-07-01,36,5,505,0.009900990099009901
2022-07-01,37,5,505,0.009900990099009901
2022-07-01,38,9,505,0.01782178217821782
2022-07-01,39,3,505,0.005940594059405941
2022-07-01,40,5,505,0.009900990099009901
2022-07-01,41,6,505,0.011881188118811881
2022-07-01,42,2,505,0.0039603960396039604
2022-07-01,43,5,505,0.009900990099009901
2022-07-01,44,6,505,0.011881188118811881
2022-07-01,45,9,505,0.01782178217821782
2022-07-01,46,3,505,0.005940594059405941
2022-07-01,47,4,505,0.007920792079207921
2022-07-01,48,5,505,0.009900990099009901
2022-07-01,49,7,505,0.013861386138613862
2022-08-01,0,569,569,1.0
2022-08-01,1,26,569,0.04569420035149385
2022-08-01,2,7,569,0.012302284710017574
2022-08-01,3,6,569,0.01054481546572935
2022-08-01,4,6,569,0.01054481546572935
2022-08-01,5,5,569,0.008787346221441126
2022-08-01,6,7,569,0.012302284710017574
2022-08-01,7,9,569,0.015817223198594025
2022-08-01,8,8,569,0.014059753954305799
2022-08-01,9,9,569,0.015817223198594025
2022-08-01,10,6,569,0.01054481546572935
2022-08-01,11,8,569,0.014059753954305799
2022-08-01,12,11,569,0.019332161687170474
2022-08-01,13,8,569,0.014059753954305799
2022-08-01,14,9,569,0.015817223198594025
2022-08-01,15,16,569,0.028119507908611598
2022-08-01,16,5,569,0.008787346221441126
2022-08-01,17,10,569,0.01757469244288225
2022-08-01,18,3,569,0.005272407732864675
2022-08-01,19,9,569,0.015817223198594025
2022-08-01,20,10,569,0.01757469244288225
2022-08-01,21,8,569,0.014059753954305799
2022-08-01,22,6,569,0.01054481546572935
2022-08-01,23,10,569,0.01757469244288225
2022-08-01,24,7,569,0.012302284710017574
2022-08-01,25,7,569,0.012302284710017574
2022-08-01,26,7,569,0.012302284710017574
2022-08-01,27,6,569,0.01054481546572935
2022-08-01,28,7,569,0.012302284710017574
2022-08-01,29,8,569,0.014059753954305799
2022-08-01,30,6,569,0.01054481546572935
2022-08-01,31,8,569,0.014059753954305799
2022-08-01,32,8,569,0.014059753954305799
2022-08-01,33,8,569,0.014059753954305799
2022-08-01,34,4,569,0.007029876977152899
2022-08-01,35,12,569,0.0210896309314587
2022-08-01,36,8,569,0.014059753954305799
2022-08-01,37,12,569,0.0210896309314587
2022-08-01,38,6,569,0.01054481546572935
2022-08-01,39,4,569,0.007029876977152899
2022-08-01,40,10,569,0.01757469244288225
2022-08-01,41,6,569,0.01054481546572935
2022-08-01,42,7,569,0.012302284710017574
2022-08-01,43,8,569,0.014059753954305799
2022-08-01,44,8,569,0.014059753954305799
2022-08-01,45,12,569,0.0210896309314587
2022-08-01,46,8,569,0.014059753954305799
2022-08-01,47,6,569,0.01054481546572935
2022-08-01,48,7,569,0.012302284710017574
2022-09-01,0,610,610,1.0
2022-09-01,1,24,610,0.03934426229508197
2022-09-01,2,8,610,0.013114754098360656
2022-09-01,3,14,610,0.022950819672131147
2022-09-01,4,4,610,0.006557377049180328
2022-09-01,5,8,610,0.013114754098360656
2022-09-01,6,8,610,0.013114754098360656
2022-09-01,7,6,610,0.009836065573770493
2022-09-01,8,4,610,0.006557377049180328
2022-09-01,9,10,610,0.01639344262295082
2022-09-01,10,11,610,0.018032786885245903
2022-09-01,11,11,610,0.018032786885245903
2022-09-01,12,10,610,0.01639344262295082
2022-09-01,13,7,610,0.011475409836065573
2022-09-01,14,9,610,0.014754098360655738
2022-09-01,15,5,610,0.00819672131147541
2022-09-01,16,2,610,0.003278688524590164
2022-09-01,17,8,610,0.013114754098360656
2022-09-01,18,8,610,0.013114754098360656
2022-09-01,19,14,610,0.022950819672131147
2022-09-01,20,10,610,0.01639344262295082
2022-09-01,21,8,610,0.013114754098360656
2022-09-01,22,11,610,0.018032786885245903
2022-09-01,23,10,610,0.01639344262295082
2022-09-01,24,7,610,0.011475409836065573
2022-09-01,25,7,610,0.011475409836065573
2022-09-01,26,6,610,0.009836065573770493
2022-09-01,27,8,610,0.013114754098360656
2022-09-01,28,14,610,0.022950819672131147
2022-09-01,29,4,610,0.006557377049180328
2022-09-01,30,11,610,0.018032786885245903
2022-09-01,31,6,610,0.009836065573770493
2022-09-01,32,6,610,0.009836065573770493
2022-09-01,33,12,610,0.019672131147540985
2022-09-01,34,6,610,0.009836065573770493
2022-09-01,35,11,610,0.018032786885245903
2022-09-01,36,9,610,0.014754098360655738
2022-09-01,37,10,610,0.01639344262295082
2022-09-01,38,10,610,0.01639344262295082
2022-09-01,39,9,610,0.014754098360655738
2022-09-01,40,10,610,0.01639344262295082
2022-09-01,41,7,610,0.011475409836065573
2022-09-01,42,15,610,0.02459016393442623
2022-09-01,43,8,610,0.013114754098360656
2022-09-01,44,8,610,0.013114754098360656
2022-09-01,45,5,610,0.00819672131147541
2022-09-01,46,8,610,0.013114754098360656
2022-09-01,47,8,610,0.013114754098360656
2022-10-01,0,613,613,1.0
2022-10-01,1,11,613,0.01794453507340946
2022-10-01,2,12,613,0.01957585644371941
2022-10-01,3,6,613,0.009787928221859706
2022-10-01,4,4,613,0.0065252854812398045
2022-10-01,5,6,613,0.009787928221859706
2022-10-01,6,5,613,0.008156606851549755
2022-10-01,7,5,613,0.008156606851549755
2022-10-01,8,6,613,0.009787928221859706
2022-10-01,9,9,613,0.01468189233278956
2022-10-01,10,5,613,0.008156606851549755
2022-10-01,11,7,613,0.011419249592169658
2022-10-01,12,5,613,0.008156606851549755
2022-10-01,13,11,613,0.01794453507340946
2022-10-01,14,6,613,0.009787928221859706
2022-10-01,15,9,613,0.01468189233278956
2022-10-01,16,6,613,0.009787928221859706
2022-10-01,17,10,613,0.01631321370309951
2022-10-01,18,6,613,0.009787928221859706
2022-10-01,19,7,613,0.011419249592169658
2022-10-01,20,4,613,0.0065252854812398045
2022-10-01,21,8,613,0.013050570962479609
2022-10-01,22,13,613,0.021207177814029365
2022-10-01,23,8,613,0.013050570962479609
2022-10-01,24,6,613,0.009787928221859706
2022-10-01,25,14,613,0.022838499184339316
2022-10-01,26,4,613,0.0065252854812398045
2022-10-01,27,5,613,0.008156606851549755
2022-10-01,28,5,613,0.008156606851549755
2022-10-01,29,11,613,0.01794453507340946
2022-10-01,30,4,613,0.0065252854812398045
2022-10-01,31,6,613,0.009787928221859706
2022-10-01,32,15,613,0.024469820554649267
2022-10-01,33,6,613,0.009787928221859706
2022-10-01,34,6,613,0.009787928221859706
2022-10-01,35,10,613,0.01631321370309951
2022-10-01,36,8,613,0.013050570962479609
2022-10-01,37,8,613,0.013050570962479609
2022-10-01,38,6,613,0.009787928221859706
2022-10-01,39,9,613,0.01468189233278956
2022-10-01,40,6,613,0.009787928221859706
2022-10-01,41,7,613,0.011419249592169658
2022-10-01,42,3,613,0.004893964110929853
2022-10-01,43,9,613,0.01468189233278956
2022-10-01,44,6,613,0.009787928221859706
2022-10-01,45,11,613,0.01794453507340946
2022-10-01,46,8,613,0.013050570962479609
2022-11-01,0,639,639,1.0
2022-11-01,1,30,639,0.046948356807511735
2022-11-01,2,13,639,0.02034428794992175
2022-11-01,3,6,639,0.009389671361502348
2022-11-01,4,7,639,0.010954616588419406
2022-11-01,5,9,639,0.014084507042253521
2022-11-01,6,14,639,0.02190923317683881
2022-11-01,7,10,639,0.01564945226917058
2022-11-01,8,9,639,0.014084507042253521
2022-11-01,9,14,639,0.02190923317683881
2022-11-01,10,13,639,0.02034428794992175
2022-11-01,11,6,639,0.009389671361502348
2022-11-01,12,4,639,0.006259780907668232
2022-11-01,13,9,639,0.014084507042253521
2022-11-01,14,12,639,0.018779342723004695
2022-11-01,15,6,639,0.009389671361502348
2022-11-01,16,8,639,0.012519561815336464
2022-11-01,17,7,639,0.010954616588419406
2022-11-01,18,10,639,0.01564945226917058
2022-11-01,19,7,639,0.010954616588419406
2022-11-01,20,12,639,0.018779342723004695
2022-11-01,21,15,639,0.023474178403755867
2022-11-01,22,10,639,0.01564945226917058
2022-11-01,23,6,639,0.009389671361502348
2022-11-01,24,7,639,0.010954616588419406
2022-11-01,25,15,639,0.023474178403755867
2022-11-01,26,8,639,0.012519561815336464
2022-11-01,27,8,639,0.012519561815336464
2022-11-01,28,7,639,0.010954616588419406
2022-11-01,29,13,639,0.02034428794992175
2022-11-01,30,12,639,0.018779342723004695
2022-11-01,31,13,639,0.02034428794992175
2022-11-01,32,10,639,0.01564945226917058
2022-11-01,33,7,639,0.010954616588419406
2022-11-01,34,8,639,0.012519561815336464
2022-11-01,35,11,639,0.017214397496087636
2022-11-01,36,4,639,0.006259780907668232
2022-11-01,37,12,639,0.018779342723004695
2022-11-01,38,12,639,0.018779342723004695
2022-11-01,39,7,639,0.010954616588419406
2022-11-01,40,11,639,0.017214397496087636
2022-11-01,41,8,639,0.012519561815336464
2022-11-01,42,9,639,0.014084507042253521
2022-11-01,43,9,639,0.014084507042253521
2022-11-01,44,5,639,0.00782472613458529
2022-11-01,45,7,639,0.010954616588419406
2022-12-01,0,663,663,1.0
2022-12-01,1,14,663,0.021116138763197588
2022-12-01,2,8,663,0.012066365007541479
2022-12-01,3,6,663,0.00904977375565611
2022-12-01,4,10,663,0.015082956259426848
2022-12-01,5,12,663,0.01809954751131222
2022-12-01,6,8,663,0.012066365007541479
2022-12-01,7,11,663,0.016591251885369532
2022-12-01,8,8,663,0.012066365007541479
2022-12-01,9,7,663,0.010558069381598794
2022-12-01,10,6,663,0.00904977375565611
2022-12-01,11,9,663,0.013574660633484163
2022-12-01,12,15,663,0.02262443438914027
2022-12-01,13,14,663,0.021116138763197588
2022-12-01,14,10,663,0.015082956259426848
2022-12-01,15,13,663,0.0196078431372549
2022-12-01,16,8,663,0.012066365007541479
2022-12-01,17,17,663,0.02564102564102564
2022-12-01,18,9,663,0.013574660633484163
2022-12-01,19,11,663,0.016591251885369532
2022-12-01,20,11,663,0.016591251885369532
2022-12-01,21,9,663,0.013574660633484163
2022-12-01,22,6,663,0.00904977375565611
2022-12-01,23,6,663,0.00904977375565611
2022-12-01,24,6,663,0.00904977375565611
2022-12-01,25,4,663,0.006033182503770739
2022-12-01,26,10,663,0.015082956259426848
2022-12-01,27,9,663,0.013574660633484163
2022-12-01,28,9,663,0.013574660633484163
2022-12-01,29,6,663,0.00904977375565611
2022-12-01,30,10,663,0.015082956259426848
2022-12-01,31,9,663,0.013574660633484163
2022-12-01,32,12,663,0.01809954751131222
2022-12-01,33,11,663,0.016591251885369532
2022-12-01,34,11,663,0.016591251885369532
2022-12-01,35,16,663,0.024132730015082957
2022-12-01,36,10,663,0.015082956259426848
2022-12-01,37,16,663,0.024132730015082957
2022-12-01,38,10,663,0.015082956259426848
2022-12-01,39,10,663,0.015082956259426848
2022-12-01,40,11,663,0.016591251885369532
2022-12-01,41,11,663,0.016591251885369532
2022-12-01,42,4,663,0.006033182503770739
2022-12-01,43,8,663,0.012066365007541479
2022-12-01,44,12,663,0.01809954751131222
2023-01-01,0,666,666,1.0
2023-01-01,1,22,666,0.03303303303303303
2023-01-01,2,13,666,0.01951951951951952
2023-01-01,3,11,666,0.016516516516516516
2023-01-01,4,4,666,0.006006006006006006
2023-01-01,5,12,666,0.018018018018018018
2023-01-01,6,9,666,0.013513513513513514
2023-01-01,7,9,666,0.013513513513513514
2023-01-01,8,11,666,0.016516516516516516
2023-01-01,9,10,666,0.015015015015015015
2023-01-01,10,5,666,0.0075075075075075074
2023-01-01,11,11,666,0.016516516516516516
2023-01-01,12,6,666,0.009009009009009009
2023-01-01,13,10,666,0.015015015015015015
2023-01-01,14,12,666,0.018018018018018018
2023-01-01,15,7,666,0.010510510510510511
2023-01-01,16,8,666,0.012012012012012012
2023-01-01,17,7,666,0.010510510510510511
2023-01-01,18,10,666,0.015015015015015015
2023-01-01,19,7,666,0.010510510510510511
2023-01-01,20,5,666,0.0075075075075075074
2023-01-01,21,12,666,0.018018018018018018
2023-01-01,22,5,666,0.0075075075075075074
2023-01-01,23,10,666,0.015015015015015015
2023-01-01,24,7,666,0.010510510510510511
2023-01-01,25,5,666,0.0075075075075075074
2023-01-01,26,7,666,0.010510510510510511
2023-01-01,27,14,666,0.021021021021021023
2023-01-01,28,7,666,0.010510510510510511
2023-01-01,29,11,666,0.016516516516516516
2023-01-01,30,16,666,0.024024024024024024
2023-01-01,31,13,666,0.01951951951951952
2023-01-01,32,8,666,0.012012012012012012
2023-01-01,33,9,666,0.013513513513513514
2023-01-01,34,3,666,0.0045045045045045045
2023-01-01,35,13,666,0.01951951951951952
2023-01-01,36,16,666,0.024024024024024024
2023-01-01,37,10,666,0.015015015015015015
2023-01-01,38,13,666,0.01951951951951952
2023-01-01,39,5,666,0.0075075075075075074
2023-01-01,40,17,666,0.025525525525525526
2023-01-01,41,14,666,0.021021021021021023
2023-01-01,42,6,666,0.009009009009009009
2023-01-01,43,8,666,0.012012012012012012
2023-02-01,0,645,645,1.0
2023-02-01,1,20,645,0.031007751937984496
2023-02-01,2,10,645,0.015503875968992248
2023-02-01,3,10,645,0.015503875968992248
2023-02-01,4,11,645,0.017054263565891473
2023-02-01,5,8,645,0.012403100775193798
2023-02-01,6,12,645,0.018604651162790697
2023-02-01,7,12,645,0.018604651162790697
2023-02-01,8,4,645,0.006201550387596899
2023-02-01,9,18,645,0.027906976744186046
2023-02-01,10,8,645,0.012403100775193798
2023-02-01,11,7,645,0.010852713178294573
2023-02-01,12,7,645,0.010852713178294573
2023-02-01,13,5,645,0.007751937984496124
2023-02-01,14,7,645,0.010852713178294573
2023-02-01,15,5,645,0.007751937984496124
2023-02-01,16,12,645,0.018604651162790697
2023-02-01,17,12,645,0.018604651162790697
2023-02-01,18,12,645,0.018604651162790697
2023-02-01,19,4,645,0.006201550387596899
2023-02-01,20,11,645,0.017054263565891473
2023-02-01,21,10,645,0.015503875968992248
2023-02-01,22,6,645,0.009302325581395349
2023-02-01,23,10,645,0.015503875968992248
2023-02-01,24,9,645,0.013953488372093023
2023-02-01,25,8,645,0.012403100775193798
2023-02-01,26,4,645,0.006201550387596899
2023-02-01,27,9,645,0.013953488372093023
2023-02-01,28,8,645,0.012403100775193798
2023-02-01,29,6,645,0.009302325581395349
2023-02-01,30,7,645,0.010852713178294573
2023-02-01,31,16,645,0.024806201550387597
2023-02-01,32,9,645,0.013953488372093023
2023-02-01,33,7,645,0.010852713178294573
2023-02-01,34,10,645,0.015503875968992248
2023-02-01,35,14,645,0.021705426356589147
2023-02-01,36,6,645,0.009302325581395349
2023-02-01,37,9,645,0.013953488372093023
2023-02-01,38,9,645,0.013953488372093023
2023-02-01,39,10,645,0.015503875968992248
2023-02-01,40,15,645,0.023255813953488372
2023-02-01,41,14,645,0.021705426356589147
2023-02-01,42,5,645,0.007751937984496124
2023-03-01,0,704,704,1.0
2023-03-01,1,27,704,0.03835227272727273
2023-03-01,2,15,704,0.02130681818181818
2023-03-01,3,10,704,0.014204545454545454
2023-03-01,4,10,704,0.014204545454545454
2023-03-01,5,5,704,0.007102272727272727
2023-03-01,6,14,704,0.019886363636363636
2023-03-01,7,7,704,0.009943181818181818
2023-03-01,8,11,704,0.015625
2023-03-01,9,9,704,0.01278409090909091
2023-03-01,10,12,704,0.017045454545454544
2023-03-01,11,9,704,0.01278409090909091
2023-03-01,12,10,704,0.014204545454545454
2023-03-01,13,9,704,0.01278409090909091
2023-03-01,14,24,704,0.03409090909090909
2023-03-01,15,8,704,0.011363636363636364
2023-03-01,16,7,704,0.009943181818181818
2023-03-01,17,18,704,0.02556818181818182
2023-03-01,18,11,704,0.015625
2023-03-01,19,11,704,0.015625
2023-03-01,20,7,704,0.009943181818181818
2023-03-01,21,10,704,0.014204545454545454
2023-03-01,22,9,704,0.01278409090909091
2023-03-01,23,8,704,0.011363636363636364
2023-03-01,24,10,704,0.014204545454545454
2023-03-01,25,10,704,0.014204545454545454
2023-03-01,26,12,704,0.017045454545454544
2023-03-01,27,11,704,0.015625
2023-03-01,28,10,704,0.014204545454545454
2023-03-01,29,11,704,0.015625
2023-03-01,30,8,704,0.011363636363636364
2023-03-01,31,13,704,0.018465909090909092
2023-03-01,32,13,704,0.018465909090909092
2023-03-01,33,11,704,0.015625
2023-03-01,34,7,704,0.009943181818181818
2023-03-01,35,7,704,0.009943181818181818
2023-03-01,36,10,704,0.014204545454545454
2023-03-01,37,5,704,0.007102272727272727
2023-03-01,38,18,704,0.02556818181818182
2023-03-01,39,6,704,0.008522727272727272
2023-03-01,40,13,704,0.018465909090909092
2023-03-01,41,7,704,0.009943181818181818
2023-04-01,0,673,673,1.0
2023-04-01,1,25,673,0.03714710252600297
2023-04-01,2,10,673,0.014858841010401188
2023-04-01,3,16,673,0.0237741456166419
2023-04-01,4,15,673,0.022288261515601784
2023-04-01,5,12,673,0.017830609212481426
2023-04-01,6,11,673,0.01634472511144131
2023-04-01,7,14,673,0.020802377414561663
2023-04-01,8,5,673,0.007429420505200594
2023-04-01,9,17,673,0.02526002971768202
2023-04-01,10,9,673,0.01337295690936107
2023-04-01,11,12,673,0.017830609212481426
2023-04-01,12,8,673,0.01188707280832095
2023-04-01,13,7,673,0.010401188707280832
2023-04-01,14,15,673,0.022288261515601784
2023-04-01,15,10,673,0.014858841010401188
2023-04-01,16,18,673,0.02674591381872214
2023-04-01,17,4,673,0.005943536404160475
2023-04-01,18,10,673,0.014858841010401188
2023-04-01,19,10,673,0.014858841010401188
2023-04-01,20,14,673,0.020802377414561663
2023-04-01,21,13,673,0.019316493313521546
2023-04-01,22,10,673,0.014858841010401188
2023-04-01,23,13,673,0.019316493313521546
2023-04-01,24,9,673,0.01337295690936107
2023-04-01,25,9,673,0.01337295690936107
2023-04-01,26,3,673,0.004457652303120356
2023-04-01,27,8,673,0.01188707280832095
2023-04-01,28,8,673,0.01188707280832095
2023-04-01,29,14,673,0.020802377414561663
2023-04-01,30,5,673,0.007429420505200594
2023-04-01,31,13,673,0.019316493313521546
2023-04-01,32,7,673,0.010401188707280832
2023-04-01,33,10,673,0.014858841010401188
2023-04-01,34,8,673,0.01188707280832095
2023-04-01,35,13,673,0.019316493313521546
2023-04-01,36,14,673,0.020802377414561663
2023-04-01,37,17,673,0.02526002971768202
2023-04-01,38,13,673,0.019316493313521546
2023-04-01,39,7,673,0.010401188707280832
2023-04-01,40,10,673,0.014858841010401188
2023-05-01,0,758,758,1.0
2023-05-01,1,20,758,0.026385224274406333
2023-05-01,2,12,758,0.0158311345646438
2023-05-01,3,11,758,0.014511873350923483
2023-05-01,4,9,758,0.011873350923482849
2023-05-01,5,8,758,0.010554089709762533
2023-05-01,6,14,758,0.018469656992084433
2023-05-01,7,10,758,0.013192612137203167
2023-05-01,8,11,758,0.014511873350923483
2023-05-01,9,13,758,0.017150395778364115
2023-05-01,10,7,758,0.009234828496042216
2023-05-01,11,4,758,0.005277044854881266
2023-05-01,12,9,758,0.011873350923482849
2023-05-01,13,10,758,0.013192612137203167
2023-05-01,14,11,758,0.014511873350923483
2023-05-01,15,12,758,0.0158311345646438
2023-05-01,16,11,758,0.014511873350923483
2023-05-01,17,8,758,0.010554089709762533
2023-05-01,18,14,758,0.018469656992084433
2023-05-01,19,11,758,0.014511873350923483
2023-05-01,20,13,758,0.017150395778364115
2023-05-01,21,8,758,0.010554089709762533
2023-05-01,22,9,758,0.011873350923482849
2023-05-01,23,13,758,0.017150395778364115
2023-05-01,24,13,758,0.017150395778364115
2023-05-01,25,11,758,0.014511873350923483
2023-05-01,26,15,758,0.01978891820580475
2023-05-01,27,13,758,0.017150395778364115
2023-05-01,28,12,758,0.0158311345646438
2023-05-01,29,6,758,0.0079155672823219
2023-05-01,30,11,758,0.014511873350923483
2023-05-01,31,10,758,0.013192612137203167
2023-05-01,32,10,758,0.013192612137203167
2023-05-01,33,11,758,0.014511873350923483
2023-05-01,34,11,758,0.014511873350923483
2023-05-01,35,11,758,0.014511873350923483
2023-05-01,36,11,758,0.014511873350923483
2023-05-01,37,9,758,0.011873350923482849
2023-05-01,38,10,758,0.013192612137203167
2023-05-01,39,9,758,0.011873350923482849
2023-06-01,0,743,743,1.0
2023-06-01,1,24,743,0.03230148048452221
2023-06-01,2,12,743,0.016150740242261104
2023-06-01,3,12,743,0.016150740242261104
2023-06-01,4,9,743,0.012113055181695828
2023-06-01,5,13,743,0.017496635262449527
2023-06-01,6,16,743,0.021534320323014805
2023-06-01,7,19,743,0.02557200538358008
2023-06-01,8,12,743,0.016150740242261104
2023-06-01,9,12,743,0.016150740242261104
2023-06-01,10,13,743,0.017496635262449527
2023-06-01,11,12,743,0.016150740242261104
2023-06-01,12,6,743,0.008075370121130552
2023-06-01,13,2,743,0.0026917900403768506
2023-06-01,14,13,743,0.017496635262449527
2023-06-01,15,14,743,0.018842530282637954
2023-06-01,16,15,743,0.020188425302826378
2023-06-01,17,14,743,0.018842530282637954
2023-06-01,18,14,743,0.018842530282637954
2023-06-01,19,13,743,0.017496635262449527
2023-06-01,20,16,743,0.021534320323014805
2023-06-01,21,9,743,0.012113055181695828
2023-06-01,22,11,743,0.014804845222072678
2023-06-01,23,9,743,0.012113055181695828
2023-06-01,24,12,743,0.016150740242261104
2023-06-01,25,10,743,0.013458950201884253
2023-06-01,26,13,743,0.017496635262449527
2023-06-01,27,10,743,0.013458950201884253
2023-06-01,28,8,743,0.010767160161507403
2023-06-01,29,9,743,0.012113055181695828
2023-06-01,30,15,743,0.020188425302826378
2023-06-01,31,8,743,0.010767160161507403
2023-06-01,32,14,743,0.018842530282637954
2023-06-01,33,14,743,0.018842530282637954
2023-06-01,34,9,743,0.012113055181695828
2023-06-01,35,16,743,0.021534320323014805
2023-06-01,36,11,743,0.014804845222072678
2023-06-01,37,14,743,0.018842530282637954
2023-06-01,38,12,743,0.016150740242261104
2023-07-01,0,792,792,1.0
2023-07-01,1,30,792,0.03787878787878788
2023-07-01,2,13,792,0.016414141414141416
2023-07-01,3,13,792,0.016414141414141416
2023-07-01,4,9,792,0.011363636363636364
2023-07-01,5,16,792,0.020202020202020204
2023-07-01,6,9,792,0.011363636363636364
2023-07-01,7,11,792,0.013888888888888888
2023-07-01,8,16,792,0.020202020202020204
2023-07-01,9,14,792,0.017676767676767676
2023-07-01,10,14,792,0.017676767676767676
2023-07-01,11,16,792,0.020202020202020204
2023-07-01,12,14,792,0.017676767676767676
2023-07-01,13,14,792,0.017676767676767676
2023-07-01,14,11,792,0.013888888888888888
2023-07-01,15,11,792,0.013888888888888888
2023-07-01,16,15,792,0.01893939393939394
2023-07-01,17,12,792,0.015151515151515152
2023-07-01,18,11,792,0.013888888888888888
2023-07-01,19,12,792,0.015151515151515152
2023-07-01,20,20,792,0.025252525252525252
2023-07-01,21,18,792,0.022727272727272728
2023-07-01,22,15,792,0.01893939393939394
2023-07-01,23,14,792,0.017676767676767676
2023-07-01,24,15,792,0.01893939393939394
2023-07-01,25,5,792,0.006313131313131313
2023-07-01,26,18,792,0.022727272727272728
2023-07-01,27,18,792,0.022727272727272728
2023-07-01,28,9,792,0.011363636363636364
2023-07-01,29,15,792,0.01893939393939394
2023-07-01,30,14,792,0.017676767676767676
2023-07-01,31,12,792,0.015151515151515152
2023-07-01,32,20,792,0.025252525252525252
2023-07-01,33,20,792,0.025252525252525252
2023-07-01,34,11,792,0.013888888888888888
2023-07-01,35,12,792,0.015151515151515152
2023-07-01,36,9,792,0.011363636363636364
2023-07-01,37,12,792,0.015151515151515152
2023-08-01,0,782,782,1.0
2023-08-01,1,34,782,0.043478260869565216
2023-08-01,2,12,782,0.015345268542199489
2023-08-01,3,12,782,0.015345268542199489
2023-08-01,4,7,782,0.008951406649616368
2023-08-01,5,16,782,0.020460358056265986
2023-08-01,6,12,782,0.015345268542199489
2023-08-01,7,11,782,0.014066496163682864
2023-08-01,8,10,782,0.01278772378516624
2023-08-01,9,16,782,0.020460358056265986
2023-08-01,10,9,782,0.011508951406649617
2023-08-01,11,15,782,0.01918158567774936
2023-08-01,12,13,782,0.016624040920716114
2023-08-01,13,19,782,0.024296675191815855
2023-08-01,14,13,782,0.016624040920716114
2023-08-01,15,12,782,0.015345268542199489
2023-08-01,16,11,782,0.014066496163682864
2023-08-01,17,14,782,0.017902813299232736
2023-08-01,18,8,782,0.010230179028132993
2023-08-01,19,16,782,0.020460358056265986
2023-08-01,20,12,782,0.015345268542199489
2023-08-01,21,10,782,0.01278772378516624
2023-08-01,22,7,782,0.008951406649616368
2023-08-01,23,8,782,0.010230179028132993
2023-08-01,24,11,782,0.014066496163682864
2023-08-01,25,11,782,0.014066496163682864
2023-08-01,26,8,782,0.010230179028132993
2023-08-01,27,10,782,0.01278772378516624
2023-08-01,28,11,782,0.014066496163682864
2023-08-01,29,12,782,0.015345268542199489
2023-08-01,30,8,782,0.010230179028132993
2023-08-01,31,9,782,0.011508951406649617
2023-08-01,32,14,782,0.017902813299232736
2023-08-01,33,10,782,0.01278772378516624
2023-08-01,34,10,782,0.01278772378516624
2023-08-01,35,11,782,0.014066496163682864
2023-08-01,36,4,782,0.005115089514066497
2023-09-01,0,759,759,1.0
2023-09-01,1,26,759,0.034255599472990776
2023-09-01,2,14,759,0.01844532279314888
2023-09-01,3,12,759,0.015810276679841896
2023-09-01,4,11,759,0.014492753623188406
2023-09-01,5,11,759,0.014492753623188406
2023-09-01,6,17,759,0.022397891963109356
2023-09-01,7,20,759,0.026350461133069828
2023-09-01,8,11,759,0.014492753623188406
2023-09-01,9,11,759,0.014492753623188406
2023-09-01,10,10,759,0.013175230566534914
2023-09-01,11,9,759,0.011857707509881422
2023-09-01,12,18,759,0.023715415019762844
2023-09-01,13,12,759,0.015810276679841896
2023-09-01,14,11,759,0.014492753623188406
2023-09-01,15,7,759,0.00922266139657444
2023-09-01,16,10,759,0.013175230566534914
2023-09-01,17,9,759,0.011857707509881422
2023-09-01,18,10,759,0.013175230566534914
2023-09-01,19,12,759,0.015810276679841896
2023-09-01,20,7,759,0.00922266139657444
2023-09-01,21,17,759,0.022397891963109356
2023-09-01,22,16,759,0.021080368906455864
2023-09-01,23,11,759,0.014492753623188406
2023-09-01,24,11,759,0.014492753623188406
2023-09-01,25,11,759,0.014492753623188406
2023-09-01,26,14,759,0.01844532279314888
2023-09-01,27,13,759,0.017127799736495388
2023-09-01,28,17,759,0.022397891963109356
2023-09-01,29,9,759,0.011857707509881422
2023-09-01,30,15,759,0.019762845849802372
2023-09-01,31,14,759,0.01844532279314888
2023-09-01,32,11,759,0.014492753623188406
2023-09-01,33,9,759,0.011857707509881422
2023-09-01,34,18,759,0.023715415019762844
2023-09-01,35,8,759,0.010540184453227932
2023-10-01,0,820,820,1.0
2023-10-01,1,28,820,0.03414634146341464
2023-10-01,2,16,820,0.01951219512195122
2023-10-01,3,8,820,0.00975609756097561
2023-10-01,4,14,820,0.01707317073170732
2023-10-01,5,13,820,0.015853658536585366
2023-10-01,6,8,820,0.00975609756097561
2023-10-01,7,10,820,0.012195121951219513
2023-10-01,8,13,820,0.015853658536585366
2023-10-01,9,15,820,0.018292682926829267
2023-10-01,10,17,820,0.020731707317073172
2023-10-01,11,5,820,0.006097560975609756
2023-10-01,12,11,820,0.013414634146341463
2023-10-01,13,7,820,0.00853658536585366
2023-10-01,14,17,820,0.020731707317073172
2023-10-01,15,12,820,0.014634146341463415
2023-10-01,16,10,820,0.012195121951219513
2023-10-01,17,9,820,0.01097560975609756
2023-10-01,18,16,820,0.01951219512195122
2023-10-01,19,8,820,0.00975609756097561
2023-10-01,20,10,820,0.012195121951219513
2023-10-01,21,12,820,0.014634146341463415
2023-10-01,22,16,820,0.01951219512195122
2023-10-01,23,17,820,0.020731707317073172
2023-10-01,24,21,820,0.025609756097560974
2023-10-01,25,10,820,0.012195121951219513
2023-10-01,26,15,820,0.018292682926829267
2023-10-01,27,20,820,0.024390243902439025
2023-10-01,28,10,820,0.012195121951219513
2023-10-01,29,12,820,0.014634146341463415
2023-10-01,30,10,820,0.012195121951219513
2023-10-01,31,11,820,0.013414634146341463
2023-10-01,32,13,820,0.015853658536585366
2023-10-01,33,6,820,0.007317073170731708
2023-10-01,34,13,820,0.015853658536585366
2023-11-01,0,847,847,1.0
2023-11-01,1,21,847,0.024793388429752067
2023-11-01,2,14,847,0.01652892561983471
2023-11-01,3,11,847,0.012987012987012988
2023-11-01,4,17,847,0.020070838252656435
2023-11-01,5,6,847,0.0070838252656434475
2023-11-01,6,14,847,0.01652892561983471
2023-11-01,7,17,847,0.020070838252656435
2023-11-01,8,13,847,0.015348288075560802
2023-11-01,9,16,847,0.018890200708382526
2023-11-01,10,17,847,0.020070838252656435
2023-11-01,11,16,847,0.018890200708382526
2023-11-01,12,14,847,0.01652892561983471
2023-11-01,13,22,847,0.025974025974025976
2023-11-01,14,13,847,0.015348288075560802
2023-11-01,15,9,847,0.010625737898465172
2023-11-01,16,22,847,0.025974025974025976
2023-11-01,17,17,847,0.020070838252656435
2023-11-01,18,15,847,0.01770956316410862
2023-11-01,19,17,847,0.020070838252656435
2023-11-01,20,14,847,0.01652892561983471
2023-11-01,21,11,847,0.012987012987012988
2023-11-01,22,15,847,0.01770956316410862
2023-11-01,23,15,847,0.01770956316410862
2023-11-01,24,21,847,0.024793388429752067
2023-11-01,25,14,847,0.01652892561983471
2023-11-01,26,18,847,0.021251475796930343
2023-11-01,27,14,847,0.01652892561983471
2023-11-01,28,18,847,0.021251475796930343
2023-11-01,29,16,847,0.018890200708382526
2023-11-01,30,13,847,0.015348288075560802
2023-11-01,31,15,847,0.01770956316410862
2023-11-01,32,19,847,0.02243211334120425
2023-11-01,33,16,847,0.018890200708382526
2023-12-01,0,877,877,1.0
2023-12-01,1,38,877,0.043329532497149374
2023-12-01,2,11,877,0.012542759407069556
2023-12-01,3,20,877,0.02280501710376283
2023-12-01,4,17,877,0.019384264538198404
2023-12-01,5,13,877,0.014823261117445839
2023-12-01,6,22,877,0.02508551881413911
2023-12-01,7,13,877,0.014823261117445839
2023-12-01,8,18,877,0.020524515393386546
2023-12-01,9,12,877,0.013683010262257697
2023-12-01,10,19,877,0.021664766248574687
2023-12-01,11,16,877,0.018244013683010263
2023-12-01,12,20,877,0.02280501710376283
2023-12-01,13,18,877,0.020524515393386546
2023-12-01,14,20,877,0.02280501710376283
2023-12-01,15,19,877,0.021664766248574687
2023-12-01,16,16,877,0.018244013683010263
2023-12-01,17,16,877,0.018244013683010263
2023-12-01,18,11,877,0.012542759407069556
2023-12-01,19,11,877,0.012542759407069556
2023-12-01,20,24,877,0.027366020524515394
2023-12-01,21,15,877,0.01710376282782212
2023-12-01,22,17,877,0.019384264538198404
2023-12-01,23,14,877,0.01596351197263398
2023-12-01,24,10,877,0.011402508551881414
2023-12-01,25,12,877,0.013683010262257697
2023-12-01,26,11,877,0.012542759407069556
2023-12-01,27,15,877,0.01710376282782212
2023-12-01,28,22,877,0.02508551881413911
2023-12-01,29,12,877,0.013683010262257697
2023-12-01,30,14,877,0.01596351197263398
2023-12-01,31,18,877,0.020524515393386546
2023-12-01,32,10,877,0.011402508551881414
2024-01-01,0,909,909,1.0
2024-01-01,1,37,909,0.0407040704070407
2024-01-01,2,9,909,0.009900990099009901
2024-01-01,3,16,909,0.0176017601760176
2024-01-01,4,23,909,0.025302530253025302
2024-01-01,5,15,909,0.0165016501650165
2024-01-01,6,19,909,0.020902090209020903
2024-01-01,7,13,909,0.014301430143014302
2024-01-01,8,18,909,0.019801980198019802
2024-01-01,9,18,909,0.019801980198019802
2024-01-01,10,10,909,0.011001100110011002
2024-01-01,11,12,909,0.013201320132013201
2024-01-01,12,19,909,0.020902090209020903
2024-01-01,13,26,909,0.028602860286028604
2024-01-01,14,20,909,0.022002200220022004
2024-01-01,15,22,909,0.0242024202420242
2024-01-01,16,26,909,0.028602860286028604
2024-01-01,17,20,909,0.022002200220022004
2024-01-01,18,13,909,0.014301430143014302
2024-01-01,19,23,909,0.025302530253025302
2024-01-01,20,21,909,0.0231023102310231
2024-01-01,21,13,909,0.014301430143014302
2024-01-01,22,12,909,0.013201320132013201
2024-01-01,23,14,909,0.015401540154015401
2024-01-01,24,17,909,0.0187018701870187
2024-01-01,25,14,909,0.015401540154015401
2024-01-01,26,14,909,0.015401540154015401
2024-01-01,27,17,909,0.0187018701870187
2024-01-01,28,15,909,0.0165016501650165
2024-01-01,29,22,909,0.0242024202420242
2024-01-01,30,16,909,0.0176017601760176
2024-01-01,31,9,909,0.009900990099009901
2024-02-01,0,838,838,1.0
2024-02-01,1,31,838,0.03699284009546539
2024-02-01,2,16,838,0.01909307875894988
2024-02-01,3,9,838,0.010739856801909307
2024-02-01,4,13,838,0.015513126491646777
2024-02-01,5,16,838,0.01909307875894988
2024-02-01,6,14,838,0.016706443914081145
2024-02-01,7,17,838,0.02028639618138425
2024-02-01,8,16,838,0.01909307875894988
2024-02-01,9,18,838,0.021479713603818614
2024-02-01,10,16,838,0.01909307875894988
2024-02-01,11,17,838,0.02028639618138425
2024-02-01,12,11,838,0.013126491646778043
2024-02-01,13,14,838,0.016706443914081145
2024-02-01,14,11,838,0.013126491646778043
2024-02-01,15,15,838,0.017899761336515514
2024-02-01,16,12,838,0.014319809069212411
2024-02-01,17,11,838,0.013126491646778043
2024-02-01,18,13,838,0.015513126491646777
2024-02-01,19,10,838,0.011933174224343675
2024-02-01,20,7,838,0.008353221957040573
2024-02-01,21,5,838,0.0059665871121718375
2024-02-01,22,13,838,0.015513126491646777
2024-02-01,23,19,838,0.022673031026252982
2024-02-01,24,9,838,0.010739856801909307
2024-02-01,25,11,838,0.013126491646778043
2024-02-01,26,11,838,0.013126491646778043
2024-02-01,27,19,838,0.022673031026252982
2024-02-01,28,17,838,0.02028639618138425
2024-02-01,29,14,838,0.016706443914081145
2024-02-01,30,14,838,0.016706443914081145
2024-03-01,0,904,904,1.0
2024-03-01,1,24,904,0.02654867256637168
2024-03-01,2,17,904,0.018805309734513276
2024-03-01,3,16,904,0.017699115044247787
2024-03-01,4,19,904,0.02101769911504425
2024-03-01,5,17,904,0.018805309734513276
2024-03-01,6,17,904,0.018805309734513276
2024-03-01,7,22,904,0.024336283185840708
2024-03-01,8,17,904,0.018805309734513276
2024-03-01,9,12,904,0.01327433628318584
2024-03-01,10,11,904,0.012168141592920354
2024-03-01,11,16,904,0.017699115044247787
2024-03-01,12,24,904,0.02654867256637168
2024-03-01,13,14,904,0.015486725663716814
2024-03-01,14,19,904,0.02101769911504425
2024-03-01,15,16,904,0.017699115044247787
2024-03-01,16,8,904,0.008849557522123894
2024-03-01,17,18,904,0.01991150442477876
2024-03-01,18,15,904,0.016592920353982302
2024-03-01,19,20,904,0.022123893805309734
2024-03-01,20,18,904,0.01991150442477876
2024-03-01,21,15,904,0.016592920353982302
2024-03-01,22,21,904,0.023230088495575223
2024-03-01,23,8,904,0.008849557522123894
2024-03-01,24,13,904,0.014380530973451327
2024-03-01,25,14,904,0.015486725663716814
2024-03-01,26,19,904,0.02101769911504425
2024-03-01,27,12,904,0.01327433628318584
2024-03-01,28,22,904,0.024336283185840708
2024-03-01,29,12,904,0.01327433628318584
2024-04-01,0,959,959,1.0
2024-04-01,1,35,959,0.0364963503649635
2024-04-01,2,13,959,0.013555787278415016
2024-04-01,3,18,959,0.018769551616266946
2024-04-01,4,18,959,0.018769551616266946
2024-04-01,5,16,959,0.016684045881126174
2024-04-01,6,20,959,0.020855057351407715
2024-04-01,7,20,959,0.020855057351407715
2024-04-01,8,13,959,0.013555787278415016
2024-04-01,9,23,959,0.023983315954118872
2024-04-01,10,17,959,0.017726798748696558
2024-04-01,11,29,959,0.03023983315954119
2024-04-01,12,15,959,0.01564129301355579
2024-04-01,13,13,959,0.013555787278415016
2024-04-01,14,19,959,0.01981230448383733
2024-04-01,15,21,959,0.021897810218978103
2024-04-01,16,15,959,0.01564129301355579
2024-04-01,17,19,959,0.01981230448383733
2024-04-01,18,15,959,0.01564129301355579
2024-04-01,19,9,959,0.009384775808133473
2024-04-01,20,20,959,0.020855057351407715
2024-04-01,21,11,959,0.011470281543274244
2024-04-01,22,12,959,0.01251303441084463
2024-04-01,23,18,959,0.018769551616266946
2024-04-01,24,21,959,0.021897810218978103
2024-04-01,25,14,959,0.014598540145985401
2024-04-01,26,12,959,0.01251303441084463
2024-04-01,27,22,959,0.022940563086548488
2024-04-01,28,14,959,0.014598540145985401
2024-05-01,0,975,975,1.0
2024-05-01,1,35,975,0.035897435897435895
2024-05-01,2,23,975,0.02358974358974359
2024-05-01,3,15,975,0.015384615384615385
2024-05-01,4,26,975,0.02666666666666667
2024-05-01,5,27,975,0.027692307692307693
2024-05-01,6,20,975,0.020512820512820513
2024-05-01,7,23,975,0.02358974358974359
2024-05-01,8,19,975,0.019487179487179488
2024-05-01,9,26,975,0.02666666666666667
2024-05-01,10,24,975,0.024615384615384615
2024-05-01,11,19,975,0.019487179487179488
2024-05-01,12,17,975,0.017435897435897435
2024-05-01,13,22,975,0.022564102564102566
2024-05-01,14,12,975,0.012307692307692308
2024-05-01,15,14,975,0.014358974358974359
2024-05-01,16,22,975,0.022564102564102566
2024-05-01,17,10,975,0.010256410256410256
2024-05-01,18,18,975,0.018461538461538463
2024-05-01,19,12,975,0.012307692307692308
2024-05-01,20,17,975,0.017435897435897435
2024-05-01,21,16,975,0.01641025641025641
2024-05-01,22,19,975,0.019487179487179488
2024-05-01,23,25,975,0.02564102564102564
2024-05-01,24,12,975,0.012307692307692308
2024-05-01,25,15,975,0.015384615384615385
2024-05-01,26,27,975,0.027692307692307693
2024-05-01,27,21,975,0.021538461538461538
2024-06-01,0,1018,1018,1.0
2024-06-01,1,36,1018,0.03536345776031434
2024-06-01,2,15,1018,0.014734774066797643
2024-06-01,3,21,1018,0.0206286836935167
2024-06-01,4,22,1018,0.021611001964636542
2024-06-01,5,22,1018,0.021611001964636542
2024-06-01,6,21,1018,0.0206286836935167
2024-06-01,7,16,1018,0.015717092337917484
2024-06-01,8,24,1018,0.023575638506876228
2024-06-01,9,20,1018,0.019646365422396856
2024-06-01,10,19,1018,0.018664047151277015
2024-06-01,11,25,1018,0.02455795677799607
2024-06-01,12,25,1018,0.02455795677799607
2024-06-01,13,29,1018,0.02848722986247544
2024-06-01,14,18,1018,0.01768172888015717
2024-06-01,15,21,1018,0.0206286836935167
2024-06-01,16,25,1018,0.02455795677799607
2024-06-01,17,11,1018,0.010805500982318271
2024-06-01,18,17,1018,0.01669941060903733
2024-06-01,19,19,1018,0.018664047151277015
2024-06-01,20,20,1018,0.019646365422396856
2024-06-01,21,26,1018,0.025540275049115914
2024-06-01,22,20,1018,0.019646365422396856
2024-06-01,23,23,1018,0.022593320235756387
2024-06-01,24,13,1018,0.012770137524557957
2024-06-01,25,20,1018,0.019646365422396856
2024-06-01,26,21,1018,0.0206286836935167
2024-07-01,0,1039,1039,1.0
2024-07-01,1,38,1039,0.03657362848893166
2024-07-01,2,22,1039,0.021174205967276226
2024-07-01,3,24,1039,0.023099133782483156
2024-07-01,4,26,1039,0.025024061597690085
2024-07-01,5,26,1039,0.025024061597690085
2024-07-01,6,24,1039,0.023099133782483156
2024-07-01,7,12,1039,0.011549566891241578
2024-07-01,8,20,1039,0.019249278152069296
2024-07-01,9,17,1039,0.016361886429258902
2024-07-01,10,23,1039,0.02213666987487969
2024-07-01,11,25,1039,0.02406159769008662
2024-07-01,12,27,1039,0.02598652550529355
2024-07-01,13,20,1039,0.019249278152069296
2024-07-01,14,29,1039,0.02791145332050048
2024-07-01,15,21,1039,0.02021174205967276
2024-07-01,16,18,1039,0.017324350336862367
2024-07-01,17,20,1039,0.019249278152069296
2024-07-01,18,22,1039,0.021174205967276226
2024-07-01,19,18,1039,0.017324350336862367
2024-07-01,20,22,1039,0.021174205967276226
2024-07-01,21,17,1039,0.016361886429258902
2024-07-01,22,23,1039,0.02213666987487969
2024-07-01,23,18,1039,0.017324350336862367
2024-07-01,24,26,1039,0.025024061597690085
2024-07-01,25,13,1039,0.012512030798845043
2024-08-01,0,1049,1049,1.0
2024-08-01,1,38,1049,0.03622497616777884
2024-08-01,2,14,1049,0.01334604385128694
2024-08-01,3,19,1049,0.01811248808388942
2024-08-01,4,23,1049,0.0219256434699714
2024-08-01,5,24,1049,0.022878932316491896
2024-08-01,6,16,1049,0.015252621544327931
2024-08-01,7,30,1049,0.028598665395614873
2024-08-01,8,18,1049,0.017159199237368923
2024-08-01,9,21,1049,0.02001906577693041
2024-08-01,10,26,1049,0.02478551000953289
2024-08-01,11,23,1049,0.0219256434699714
2024-08-01,12,23,1049,0.0219256434699714
2024-08-01,13,28,1049,0.02669208770257388
2024-08-01,14,30,1049,0.028598665395614873
2024-08-01,15,26,1049,0.02478551000953289
2024-08-01,16,21,1049,0.02001906577693041
2024-08-01,17,24,1049,0.022878932316491896
2024-08-01,18,17,1049,0.016205910390848427
2024-08-01,19,24,1049,0.022878932316491896
2024-08-01,20,19,1049,0.01811248808388942
2024-08-01,21,30,1049,0.028598665395614873
2024-08-01,22,23,1049,0.0219256434699714
2024-08-01,23,21,1049,0.02001906577693041
2024-08-01,24,20,1049,0.019065776930409915
2024-09-01,0,1110,1110,1.0
2024-09-01,1,39,1110,0.03513513513513514
2024-09-01,2,23,1110,0.02072072072072072
2024-09-01,3,22,1110,0.01981981981981982
2024-09-01,4,19,1110,0.017117117117117116
2024-09-01,5,21,1110,0.01891891891891892
2024-09-01,6,31,1110,0.027927927927927927
2024-09-01,7,19,1110,0.017117117117117116
2024-09-01,8,26,1110,0.023423423423423424
2024-09-01,9,25,1110,0.02252252252252252
2024-09-01,10,15,1110,0.013513513513513514
2024-09-01,11,24,1110,0.021621621621621623
2024-09-01,12,17,1110,0.015315315315315315
2024-09-01,13,19,1110,0.017117117117117116
2024-09-01,14,26,1110,0.023423423423423424
2024-09-01,15,36,1110,0.032432432432432434
2024-09-01,16,27,1110,0.024324324324324326
2024-09-01,17,30,1110,0.02702702702702703
2024-09-01,18,12,1110,0.010810810810810811
2024-09-01,19,25,1110,0.02252252252252252
2024-09-01,20,29,1110,0.026126126126126126
2024-09-01,21,29,1110,0.026126126126126126
2024-09-01,22,22,1110,0.01981981981981982
2024-09-01,23,19,1110,0.017117117117117116
2024-10-01,0,1073,1073,1.0
2024-10-01,1,36,1073,0.033550792171481825
2024-10-01,2,38,1073,0.035414725069897485
2024-10-01,3,25,1073,0.023299161230195712
2024-10-01,4,25,1073,0.023299161230195712
2024-10-01,5,25,1073,0.023299161230195712
2024-10-01,6,23,1073,0.021435228331780055
2024-10-01,7,25,1073,0.023299161230195712
2024-10-01,8,28,1073,0.0260950605778192
2024-10-01,9,22,1073,0.02050326188257223
2024-10-01,10,26,1073,0.024231127679403542
2024-10-01,11,21,1073,0.0195712954333644
2024-10-01,12,26,1073,0.024231127679403542
2024-10-01,13,28,1073,0.0260950605778192
2024-10-01,14,30,1073,0.027958993476234855
2024-10-01,15,23,1073,0.021435228331780055
2024-10-01,16,28,1073,0.0260950605778192
2024-10-01,17,16,1073,0.014911463187325256
2024-10-01,18,19,1073,0.017707362534948742
2024-10-01,19,29,1073,0.02702702702702703
2024-10-01,20,23,1073,0.021435228331780055
2024-10-01,21,19,1073,0.017707362534948742
2024-10-01,22,11,1073,0.010251630941286114
2024-11-01,0,1133,1133,1.0
2024-11-01,1,44,1133,0.038834951456310676
2024-11-01,2,23,1133,0.02030008826125331
2024-11-01,3,17,1133,0.01500441306266549
2024-11-01,4,35,1133,0.03089143865842895
2024-11-01,5,29,1133,0.02559576345984113
2024-11-01,6,23,1133,0.02030008826125331
2024-11-01,7,22,1133,0.019417475728155338
2024-11-01,8,23,1133,0.02030008826125331
2024-11-01,9,23,1133,0.02030008826125331
2024-11-01,10,25,1133,0.02206531332744925
2024-11-01,11,30,1133,0.0264783759929391
2024-11-01,12,28,1133,0.02471315092674316
2024-11-01,13,27,1133,0.02383053839364519
2024-11-01,14,28,1133,0.02471315092674316
2024-11-01,15,21,1133,0.018534863195057368
2024-11-01,16,26,1133,0.02294792586054722
2024-11-01,17,26,1133,0.02294792586054722
2024-11-01,18,21,1133,0.018534863195057368
2024-11-01,19,22,1133,0.019417475728155338
2024-11-01,20,21,1133,0.018534863195057368
2024-11-01,21,20,1133,0.0176522506619594
2024-12-01,0,1174,1174,1.0
2024-12-01,1,45,1174,0.03833049403747871
2024-12-01,2,21,1174,0.01788756388415673
2024-12-01,3,24,1174,0.020442930153321975
2024-12-01,4,33,1174,0.028109028960817718
2024-12-01,5,28,1174,0.02385008517887564
2024-12-01,6,31,1174,0.026405451448040886
2024-12-01,7,36,1174,0.030664395229982964
2024-12-01,8,19,1174,0.016183986371379896
2024-12-01,9,27,1174,0.022998296422487224
2024-12-01,10,31,1174,0.026405451448040886
2024-12-01,11,30,1174,0.02555366269165247
2024-12-01,12,24,1174,0.020442930153321975
2024-12-01,13,29,1174,0.024701873935264053
2024-12-01,14,25,1174,0.02129471890971039
2024-12-01,15,15,1174,0.012776831345826235
2024-12-01,16,22,1174,0.018739352640545145
2024-12-01,17,25,1174,0.02129471890971039
2024-12-01,18,35,1174,0.029812606473594547
2024-12-01,19,27,1174,0.022998296422487224
2024-12-01,20,19,1174,0.016183986371379896
2025-01-01,0,1198,1198,1.0
2025-01-01,1,45,1198,0.037562604340567615
2025-01-01,2,22,1198,0.018363939899833055
2025-01-01,3,27,1198,0.022537562604340568
2025-01-01,4,25,1198,0.020868113522537562
2025-01-01,5,18,1198,0.015025041736227046
2025-01-01,6,37,1198,0.030884808013355594
2025-01-01,7,30,1198,0.025041736227045076
2025-01-01,8,23,1198,0.019198664440734557
2025-01-01,9,40,1198,0.0333889816360601
2025-01-01,10,31,1198,0.02587646076794658
2025-01-01,11,34,1198,0.028380634390651086
2025-01-01,12,26,1198,0.021702838063439065
2025-01-01,13,30,1198,0.025041736227045076
2025-01-01,14,27,1198,0.022537562604340568
2025-01-01,15,24,1198,0.02003338898163606
2025-01-01,16,22,1198,0.018363939899833055
2025-01-01,17,28,1198,0.02337228714524207
2025-01-01,18,29,1198,0.024207011686143573
2025-01-01,19,19,1198,0.015859766277128547
2025-02-01,0,1072,1072,1.0
2025-02-01,1,43,1072,0.04011194029850746
2025-02-01,2,25,1072,0.02332089552238806
2025-02-01,3,29,1072,0.027052238805970148
2025-02-01,4,35,1072,0.03264925373134328
2025-02-01,5,35,1072,0.03264925373134328
2025-02-01,6,19,1072,0.017723880597014924
2025-02-01,7,16,1072,0.014925373134328358
2025-02-01,8,30,1072,0.027985074626865673
2025-02-01,9,33,1072,0.030783582089552237
2025-02-01,10,29,1072,0.027052238805970148
2025-02-01,11,24,1072,0.022388059701492536
2025-02-01,12,26,1072,0.024253731343283583
2025-02-01,13,22,1072,0.020522388059701493
2025-02-01,14,20,1072,0.018656716417910446
2025-02-01,15,31,1072,0.028917910447761194
2025-02-01,16,21,1072,0.01958955223880597
2025-02-01,17,17,1072,0.01585820895522388
2025-02-01,18,17,1072,0.01585820895522388
2025-03-01,0,1282,1282,1.0
2025-03-01,1,51,1282,0.039781591263650544
2025-03-01,2,37,1282,0.028861154446177848
2025-03-01,3,32,1282,0.0249609984399376
2025-03-01,4,33,1282,0.02574102964118565
2025-03-01,5,30,1282,0.0234009360374415
2025-03-01,6,24,1282,0.0187207488299532
2025-03-01,7,32,1282,0.0249609984399376
2025-03-01,8,32,1282,0.0249609984399376
2025-03-01,9,41,1282,0.031981279251170044
2025-03-01,10,43,1282,0.033541341653666144
2025-03-01,11,24,1282,0.0187207488299532
2025-03-01,12,23,1282,0.01794071762870515
2025-03-01,13,31,1282,0.02418096723868955
2025-03-01,14,34,1282,0.0265210608424337
2025-03-01,15,32,1282,0.0249609984399376
2025-03-01,16,23,1282,0.01794071762870515
2025-03-01,17,31,1282,0.02418096723868955
2025-04-01,0,1322,1322,1.0
2025-04-01,1,55,1322,0.0416036308623298
2025-04-01,2,33,1322,0.024962178517397883
2025-04-01,3,32,1322,0.024205748865355523
2025-04-01,4,39,1322,0.029500756429652043
2025-04-01,5,46,1322,0.03479576399394856
2025-04-01,6,40,1322,0.030257186081694403
2025-04-01,7,31,1322,0.023449319213313162
2025-04-01,8,43,1322,0.03252647503782148
2025-04-01,9,33,1322,0.024962178517397883
2025-04-01,10,24,1322,0.018154311649016642
2025-04-01,11,37,1322,0.02798789712556732
2025-04-01,12,37,1322,0.02798789712556732
2025-04-01,13,41,1322,0.031013615733736764
2025-04-01,14,36,1322,0.02723146747352496
2025-04-01,15,29,1322,0.02193645990922844
2025-04-01,16,41,1322,0.031013615733736764
2025-05-01,0,1358,1358,1.0
2025-05-01,1,57,1358,0.04197349042709867
2025-05-01,2,31,1358,0.022827687776141383
2025-05-01,3,35,1358,0.02577319587628866
2025-05-01,4,37,1358,0.027245949926362298
2025-05-01,5,37,1358,0.027245949926362298
2025-05-01,6,35,1358,0.02577319587628866
2025-05-01,7,30,1358,0.022091310751104567
2025-05-01,8,38,1358,0.027982326951399118
2025-05-01,9,30,1358,0.022091310751104567
2025-05-01,10,45,1358,0.03313696612665685
2025-05-01,11,34,1358,0.025036818851251842
2025-05-01,12,37,1358,0.027245949926362298
2025-05-01,13,35,1358,0.02577319587628866
2025-05-01,14,38,1358,0.027982326951399118
2025-05-01,15,28,1358,0.020618556701030927
2025-06-01,0,1373,1373,1.0
2025-06-01,1,59,1373,0.04297159504734159
2025-06-01,2,39,1373,0.028404952658412235
2025-06-01,3,38,1373,0.027676620538965767
2025-06-01,4,37,1373,0.026948288419519302
2025-06-01,5,41,1373,0.02986161689730517
2025-06-01,6,40,1373,0.029133284777858703
2025-06-01,7,38,1373,0.027676620538965767
2025-06-01,8,36,1373,0.026219956300072834
2025-06-01,9,47,1373,0.03423160961398398
2025-06-01,10,39,1373,0.028404952658412235
2025-06-01,11,30,1373,0.021849963583394028
2025-06-01,12,44,1373,0.032046613255644577
2025-06-01,13,43,1373,0.031318281136198105
2025-06-01,14,35,1373,0.025491624180626365
2025-07-01,0,1468,1468,1.0
2025-07-01,1,86,1468,0.05858310626702997
2025-07-01,2,45,1468,0.030653950953678476
2025-07-01,3,43,1468,0.029291553133514985
2025-07-01,4,40,1468,0.027247956403269755
2025-07-01,5,41,1468,0.027929155313351498
2025-07-01,6,52,1468,0.035422343324250684
2025-07-01,7,34,1468,0.02316076294277929
2025-07-01,8,52,1468,0.035422343324250684
2025-07-01,9,38,1468,0.025885558583106268
2025-07-01,10,47,1468,0.03201634877384196
2025-07-01,11,48,1468,0.0326975476839237
2025-07-01,12,46,1468,0.031335149863760216
2025-07-01,13,38,1468,0.025885558583106268
2025-08-01,0,1402,1402,1.0
2025-08-01,1,84,1402,0.05991440798858773
2025-08-01,2,44,1402,0.03138373751783167
2025-08-01,3,51,1402,0.03637660485021398
2025-08-01,4,43,1402,0.030670470756062766
2025-08-01,5,42,1402,0.029957203994293864
2025-08-01,6,49,1402,0.03495007132667618
2025-08-01,7,40,1402,0.028530670470756064
2025-08-01,8,27,1402,0.01925820256776034
2025-08-01,9,39,1402,0.02781740370898716
2025-08-01,10,53,1402,0.037803138373751786
2025-08-01,11,54,1402,0.03851640513552068
2025-08-01,12,43,1402,0.030670470756062766
2025-09-01,0,1443,1443,1.0
2025-09-01,1,73,1443,0.05058905058905059
2025-09-01,2,43,1443,0.0297990297990298
2025-09-01,3,48,1443,0.033264033264033266
2025-09-01,4,51,1443,0.035343035343035345
2025-09-01,5,54,1443,0.037422037422037424
2025-09-01,6,53,1443,0.036729036729036726
2025-09-01,7,60,1443,0.04158004158004158
2025-09-01,8,58,1443,0.040194040194040194
2025-09-01,9,43,1443,0.0297990297990298
2025-09-01,10,48,1443,0.033264033264033266
2025-09-01,11,43,1443,0.0297990297990298
2025-10-01,0,1584,1584,1.0
2025-10-01,1,104,1584,0.06565656565656566
2025-10-01,2,58,1584,0.036616161616161616
2025-10-01,3,51,1584,0.032196969696969696
2025-10-01,4,51,1584,0.032196969696969696
2025-10-01,5,50,1584,0.03156565656565657
2025-10-01,6,51,1584,0.032196969696969696
2025-10-01,7,45,1584,0.028409090909090908
2025-10-01,8,59,1584,0.037247474747474744
2025-10-01,9,50,1584,0.03156565656565657
2025-10-01,10,43,1584,0.027146464646464648
2025-11-01,0,1623,1623,1.0
2025-11-01,1,95,1623,0.0585335797905114
2025-11-01,2,58,1623,0.035736290819470114
2025-11-01,3,52,1623,0.03203943314849045
2025-11-01,4,58,1623,0.035736290819470114
2025-11-01,5,63,1623,0.038817005545286505
2025-11-01,6,57,1623,0.03512014787430684
2025-11-01,7,73,1623,0.04497843499691929
2025-11-01,8,65,1623,0.04004929143561306
2025-11-01,9,54,1623,0.033271719038817
2025-12-01,0,1685,1685,1.0
2025-12-01,1,110,1685,0.06528189910979229
2025-12-01,2,63,1685,0.037388724035608306
2025-12-01,3,71,1685,0.042136498516320474
2025-12-01,4,65,1685,0.03857566765578635
2025-12-01,5,54,1685,0.032047477744807124
2025-12-01,6,62,1685,0.03679525222551929
2025-12-01,7,67,1685,0.039762611275964393
2025-12-01,8,62,1685,0.03679525222551929
2026-01-01,0,1838,1838,1.0
2026-01-01,1,128,1838,0.06964091403699674
2026-01-01,2,103,1838,0.05603917301414581
2026-01-01,3,82,1838,0.04461371055495103
2026-01-01,4,98,1838,0.05331882480957562
2026-01-01,5,87,1838,0.04733405875952122
2026-01-01,6,91,1838,0.04951033732317737
2026-01-01,7,92,1838,0.05005440696409141
2026-02-01,0,1640,1640,1.0
2026-02-01,1,135,1640,0.08231707317073171
2026-02-01,2,76,1640,0.046341463414634146
2026-02-01,3,91,1640,0.05548780487804878
2026-02-01,4,78,1640,0.0475609756097561
2026-02-01,5,95,1640,0.057926829268292686
2026-02-01,6,72,1640,0.04390243902439024
2026-03-01,0,1969,1969,1.0
2026-03-01,1,146,1969,0.07414931437277807
2026-03-01,2,107,1969,0.05434230573895378
2026-03-01,3,105,1969,0.053326561706449976
2026-03-01,4,136,1969,0.06907059421025902
2026-03-01,5,88,1969,0.0446927374301676
2026-04-01,0,2013,2013,1.0
2026-04-01,1,181,2013,0.08991554893194237
2026-04-01,2,144,2013,0.07153502235469449
2026-04-01,3,150,2013,0.07451564828614009
2026-04-01,4,122,2013,0.06060606060606061
2026-05-01,0,2174,2174,1.0
2026-05-01,1,206,2174,0.09475620975160993
2026-05-01,2,165,2174,0.07589696412143514
2026-05-01,3,145,2174,0.06669733210671573
2026-06-01,0,2300,2300,1.0
2026-06-01,1,302,2300,0.13130434782608696
2026-06-01,2,181,2300,0.07869565217391304
2026-07-01,0,2618,2618,1.0
2026-07-01,1,348,2618,0.13292589763177998
2026-08-01,0,4466,4466,1.0
